,dealer_card,dealer_hand,dealer_final_hand,payroll_0,hand_0,init_move_0,payroll_1,hand_1,init_move_1,payroll_2,hand_2,init_move_2,payroll_3,hand_3,init_move_3,hand_earnings_0,hand_result_0,hand_earnings_1,hand_result_1,hand_earnings_2,hand_result_2,hand_earnings_3,hand_result_3
0,NaN,NaN,NaN,500.0,NaN,NaN,500.0,NaN,NaN,500.0,NaN,NaN,500.0,NaN,NaN,,,,,,,,
1,7,17,17,510.0,H12,H,490.0,H15,H,510.0,H18,S,490.0,H12,H,10.0,W,-10.0,L,10.0,W,-10.0,L
2,3,11,21,490.0,H9,D,480.0,H13,S,500.0,H19,S,480.0,H18,S,-20.0,L,-10.0,L,-10.0,L,-10.0,L
3,5,10,21,470.0,H10,D,460.0,H5,H,515.0,H21,BLACKJACK,470.0,H17,S,-20.0,L,-20.0,L,15.0,W,-10.0,L
4,K,19,19,460.0,H15,H,460.0,H15,H,515.0,H19,S,460.0,H10,H,-10.0,L,0.0,P,0.0,P,-10.0,L
5,8,16,25,470.0,H17,S,450.0,H13,H,525.0,H19,S,450.0,H14,H,10.0,W,-10.0,L,10.0,W,-10.0,L
6,6,14,24,480.0,H15,S,460.0,H20,S,535.0,H16,S,460.0,H16,S,10.0,W,10.0,W,10.0,W,10.0,W
7,6,11,22,495.0,H21,BLACKJACK,470.0,H17,S,545.0,H16,S,470.0,H17,S,15.0,W,10.0,W,10.0,W,10.0,W
8,5,7,22,505.0,H19,S,480.0,H12,S,555.0,H13,S,490.0,H9,D,10.0,W,10.0,W,10.0,W,20.0,W
9,K,21,,495.0,H11,,470.0,H15,,545.0,H17,,480.0,H17,,-10.0,L,-10.0,L,-10.0,L,-10.0,L
10,3,11,21,485.0,H13,S,460.0,H12,H,535.0,H17,S,470.0,H18,S,-10.0,L,-10.0,L,-10.0,L,-10.0,L
11,Q,20,20,465.0,H11,D,450.0,55,S,525.0,H15,H,470.0,H20,S,-20.0,L,-10.0,L,-10.0,L,0.0,P
12,7,9,18,475.0,H19,S,460.0,H16,H,505.0,H11,D,470.0,H11,D,10.0,W,10.0,W,-20.0,L,0.0,P
13,8,19,19,465.0,H12,H,450.0,H12,H,495.0,H16,H,460.0,H14,H,-10.0,L,-10.0,L,-10.0,L,-10.0,L
14,7,17,17,475.0,H20,S,430.0,H11,D,485.0,H13,H,470.0,H19,S,10.0,W,-20.0,L,-10.0,L,10.0,W
15,2,13,22,485.0,H12,H,440.0,H17,S,505.0,H10,D,480.0,H17,S,10.0,W,10.0,W,20.0,W,10.0,W
16,T,20,20,475.0,H16,H,430.0,H15,H,525.0,H7,H,470.0,66,S,-10.0,L,-10.0,L,20.0,W,-10.0,L
17,A,21,,465.0,H19,,420.0,JJ,,515.0,H13,,460.0,H20,,-10.0,L,-10.0,L,-10.0,L,-10.0,L
18,4,8,21,455.0,H14,S,410.0,H17,S,505.0,H20,S,450.0,H12,S,-10.0,L,-10.0,L,-10.0,L,-10.0,L
19,9,19,19,445.0,H14,H,420.0,H9,H,495.0,H14,H,440.0,H14,H,-10.0,L,10.0,W,-10.0,L,-10.0,L
20,3,5,23,455.0,H17,S,440.0,H10,D,505.0,H17,S,450.0,H18,S,10.0,W,20.0,W,10.0,W,10.0,W
21,4,6,26,465.0,H13,S,450.0,H17,S,515.0,H13,S,470.0,H9,D,10.0,W,10.0,W,10.0,W,20.0,W
22,7,11,22,475.0,H19,S,460.0,H7,H,505.0,H15,H,485.0,H21,BLACKJACK,10.0,W,10.0,W,-10.0,L,15.0,W
23,Q,19,19,465.0,H8,H,470.0,H10,H,515.0,H14,H,495.0,H10,H,-10.0,L,10.0,W,10.0,W,10.0,W
24,9,18,18,455.0,H6,H,480.0,H19,S,505.0,H14,H,505.0,H19,S,-10.0,L,10.0,W,-10.0,L,10.0,W
25,3,13,23,465.0,H15,S,490.0,H17,S,515.0,H19,S,515.0,H18,S,10.0,W,10.0,W,10.0,W,10.0,W
26,3,6,18,455.0,H15,S,480.0,H14,S,505.0,H13,S,535.0,H7,H,-10.0,L,-10.0,L,-10.0,L,20.0,W
27,J,20,20,445.0,H17,S,495.0,H21,BLACKJACK,495.0,H18,S,525.0,22,H,-10.0,L,15.0,W,-10.0,L,-10.0,L
28,3,12,20,435.0,H15,S,485.0,H14,S,485.0,H16,S,525.0,H10,D,-10.0,L,-10.0,L,-10.0,L,0.0,P
29,T,20,20,425.0,H17,S,495.0,H12,H,475.0,H17,S,515.0,H18,S,-10.0,L,10.0,W,-10.0,L,-10.0,L
30,8,18,18,415.0,H12,H,505.0,H20,S,490.0,H21,BLACKJACK,505.0,H14,H,-10.0,L,10.0,W,15.0,W,-10.0,L
31,3,5,23,425.0,77,P,515.0,H8,H,500.0,H18,S,515.0,H15,S,10.0,W,10.0,W,10.0,W,10.0,W
32,6,17,17,415.0,H13,S,525.0,H7,H,510.0,H19,S,505.0,H16,S,-10.0,L,10.0,W,10.0,W,-10.0,L
33,J,20,20,405.0,H10,H,515.0,H18,S,500.0,H15,H,520.0,H21,BLACKJACK,-10.0,L,-10.0,L,-10.0,L,15.0,W
34,3,10,26,415.0,H20,S,505.0,H12,H,510.0,H15,S,530.0,H15,S,10.0,W,-10.0,L,10.0,W,10.0,W
35,5,15,20,415.0,H20,S,495.0,H16,S,500.0,H8,H,510.0,H11,D,0.0,P,-10.0,L,-10.0,L,-20.0,L
36,T,13,19,405.0,H15,H,505.0,H20,S,490.0,H17,S,510.0,H9,H,-10.0,L,10.0,W,-10.0,L,0.0,P
37,2,6,21,395.0,H14,S,495.0,H14,S,505.0,H21,BLACKJACK,490.0,H11,D,-10.0,L,-10.0,L,15.0,W,-20.0,L
38,5,7,24,405.0,H16,S,505.0,H16,S,515.0,H12,S,500.0,H16,S,10.0,W,10.0,W,10.0,W,10.0,W
39,J,20,20,405.0,H14,H,495.0,H18,S,505.0,H8,H,490.0,H18,S,0.0,P,-10.0,L,-10.0,L,-10.0,L
40,3,13,17,415.0,H19,S,475.0,H8,H,495.0,H13,S,480.0,H14,S,10.0,W,-20.0,L,-10.0,L,-10.0,L
41,Q,13,24,425.0,H12,H,485.0,H14,H,485.0,H12,H,470.0,H6,H,10.0,W,10.0,W,-10.0,L,-10.0,L
42,K,20,20,415.0,99,S,475.0,H17,S,500.0,H21,BLACKJACK,460.0,H19,S,-10.0,L,-10.0,L,15.0,W,-10.0,L
43,3,13,18,415.0,H11,D,465.0,H17,S,510.0,H19,S,450.0,H14,S,0.0,P,-10.0,L,10.0,W,-10.0,L
44,3,13,23,425.0,H16,S,475.0,H16,S,520.0,H15,S,460.0,H15,S,10.0,W,10.0,W,10.0,W,10.0,W
45,2,5,19,440.0,H21,BLACKJACK,465.0,H15,S,510.0,H8,H,450.0,H17,S,15.0,W,-10.0,L,-10.0,L,-10.0,L
46,J,16,26,450.0,H17,S,475.0,H17,S,500.0,H15,H,460.0,H19,S,10.0,W,10.0,W,-10.0,L,10.0,W
47,Q,21,,440.0,77,,465.0,H17,,490.0,H13,,450.0,H13,,-10.0,L,-10.0,L,-10.0,L,-10.0,L
48,Q,13,21,430.0,H14,H,455.0,H18,S,480.0,H14,H,440.0,H16,H,-10.0,L,-10.0,L,-10.0,L,-10.0,L
49,3,6,23,445.0,H21,BLACKJACK,445.0,H12,H,500.0,H10,D,450.0,H20,S,15.0,W,-10.0,L,20.0,W,10.0,W
50,5,13,20,435.0,H13,S,435.0,H14,S,490.0,H12,S,440.0,H17,S,-10.0,L,-10.0,L,-10.0,L,-10.0,L
51,5,7,18,415.0,H7,H,445.0,KK,S,500.0,H20,S,430.0,H13,S,-20.0,L,10.0,W,10.0,W,-10.0,L
52,J,20,20,415.0,TT,S,435.0,H7,H,490.0,H14,H,420.0,H18,S,0.0,P,-10.0,L,-10.0,L,-10.0,L
53,Q,16,24,405.0,H12,H,445.0,H17,S,500.0,H13,H,440.0,H11,D,-10.0,L,10.0,W,10.0,W,20.0,W
54,4,8,19,395.0,H15,S,435.0,H13,S,515.0,H21,BLACKJACK,420.0,H8,H,-10.0,L,-10.0,L,15.0,W,-20.0,L
55,T,15,20,385.0,H18,S,425.0,H10,H,530.0,H21,BLACKJACK,410.0,88,P,-10.0,L,-10.0,L,15.0,W,-10.0,L
56,T,15,18,375.0,22,H,435.0,H20,S,540.0,H15,H,420.0,H13,H,-10.0,L,10.0,W,10.0,W,10.0,W
57,8,10,20,365.0,H9,H,435.0,KK,S,540.0,H20,S,420.0,H20,S,-10.0,L,0.0,P,0.0,P,0.0,P
58,7,17,17,365.0,H17,S,425.0,H14,H,530.0,H16,H,420.0,H17,S,0.0,P,-10.0,L,-10.0,L,0.0,P
59,8,13,23,375.0,H18,S,435.0,H19,S,540.0,H19,S,410.0,H16,H,10.0,W,10.0,W,10.0,W,-10.0,L
60,4,12,22,385.0,H16,S,445.0,H13,S,550.0,H13,S,420.0,H19,S,10.0,W,10.0,W,10.0,W,10.0,W
61,A,16,17,400.0,H21,BLACKJACK,455.0,H12,H,565.0,H21,BLACKJACK,410.0,H12,H,15.0,W,10.0,W,15.0,W,-10.0,L
62,Q,20,20,390.0,H18,S,455.0,H10,H,555.0,H7,H,400.0,H13,H,-10.0,L,0.0,P,-10.0,L,-10.0,L
63,2,8,20,380.0,H14,S,445.0,H18,S,545.0,H15,S,390.0,H7,H,-10.0,L,-10.0,L,-10.0,L,-10.0,L
64,7,18,18,370.0,H15,H,435.0,H5,H,535.0,H17,S,380.0,H17,S,-10.0,L,-10.0,L,-10.0,L,-10.0,L
65,4,14,24,380.0,H13,S,445.0,44,H,555.0,H11,D,390.0,H14,S,10.0,W,10.0,W,20.0,W,10.0,W
66,6,17,17,370.0,H13,S,460.0,H21,BLACKJACK,565.0,H18,S,380.0,H6,H,-10.0,L,15.0,W,10.0,W,-10.0,L
67,Q,13,23,380.0,H17,S,450.0,H12,H,555.0,77,H,395.0,H21,BLACKJACK,10.0,W,-10.0,L,-10.0,L,15.0,W
68,T,17,17,390.0,H16,H,460.0,H19,S,565.0,H18,S,395.0,H17,S,10.0,W,10.0,W,10.0,W,0.0,P
69,9,19,19,380.0,H12,H,450.0,H18,S,565.0,H9,H,405.0,H12,H,-10.0,L,-10.0,L,0.0,P,10.0,W
70,7,17,17,370.0,22,P,450.0,H17,S,585.0,H11,D,415.0,H12,H,-10.0,L,0.0,P,20.0,W,10.0,W
71,K,21,,360.0,H17,,440.0,H16,,575.0,H18,,405.0,H13,,-10.0,L,-10.0,L,-10.0,L,-10.0,L
72,J,17,17,360.0,H12,H,430.0,H15,H,585.0,H19,S,415.0,H14,H,0.0,P,-10.0,L,10.0,W,10.0,W
73,A,12,21,350.0,H10,H,420.0,H8,H,575.0,88,P,405.0,H13,H,-10.0,L,-10.0,L,-10.0,L,-10.0,L
74,2,12,19,340.0,H12,H,435.0,H21,BLACKJACK,565.0,H15,S,395.0,H7,H,-10.0,L,15.0,W,-10.0,L,-10.0,L
75,3,13,23,350.0,99,P,445.0,H17,S,575.0,H13,S,405.0,H20,S,10.0,W,10.0,W,10.0,W,10.0,W
76,5,11,20,340.0,H16,S,435.0,H19,S,575.0,H20,S,420.0,H21,BLACKJACK,-10.0,L,-10.0,L,0.0,P,15.0,W
77,A,14,19,330.0,H17,S,445.0,TT,S,585.0,H6,H,410.0,H15,H,-10.0,L,10.0,W,10.0,W,-10.0,L
78,6,16,26,340.0,H5,H,455.0,H20,S,595.0,H8,H,420.0,H17,S,10.0,W,10.0,W,10.0,W,10.0,W
79,T,20,20,340.0,H20,S,445.0,H17,S,585.0,H10,H,410.0,H7,H,0.0,P,-10.0,L,-10.0,L,-10.0,L
80,8,14,19,360.0,H10,D,445.0,H19,S,585.0,H8,H,410.0,H15,H,20.0,W,0.0,P,0.0,P,0.0,P
81,8,19,19,360.0,H16,H,435.0,H16,H,595.0,H15,H,430.0,H11,D,0.0,P,-10.0,L,10.0,W,20.0,W
82,5,15,25,370.0,H15,S,445.0,H15,S,605.0,H12,S,440.0,H12,S,10.0,W,10.0,W,10.0,W,10.0,W
83,9,19,19,380.0,H15,H,455.0,H13,H,595.0,H17,S,430.0,H17,S,10.0,W,10.0,W,-10.0,L,-10.0,L
84,4,14,17,370.0,H13,S,475.0,H9,D,610.0,H21,BLACKJACK,420.0,H13,S,-10.0,L,20.0,W,15.0,W,-10.0,L
85,3,5,18,360.0,H7,H,490.0,H21,BLACKJACK,600.0,H13,S,420.0,H18,S,-10.0,L,15.0,W,-10.0,L,0.0,P
86,7,17,17,360.0,H17,S,505.0,H21,BLACKJACK,610.0,H13,H,420.0,H14,H,0.0,P,15.0,W,10.0,W,0.0,P
87,J,12,22,370.0,H18,S,515.0,H20,S,620.0,H17,S,430.0,H16,H,10.0,W,10.0,W,10.0,W,10.0,W
88,3,14,19,370.0,H12,H,495.0,H10,D,610.0,H15,S,420.0,H14,S,0.0,P,-20.0,L,-10.0,L,-10.0,L
89,6,9,19,350.0,55,D,485.0,H15,S,610.0,H9,D,440.0,H10,D,-20.0,L,-10.0,L,0.0,P,20.0,W
90,7,17,17,360.0,H8,H,485.0,H17,S,600.0,H14,H,450.0,H20,S,10.0,W,0.0,P,-10.0,L,10.0,W
91,6,15,25,375.0,H21,BLACKJACK,495.0,H16,S,620.0,H9,D,460.0,H14,S,15.0,W,10.0,W,20.0,W,10.0,W
92,4,11,21,365.0,H12,S,485.0,H20,S,610.0,H16,S,450.0,H17,S,-10.0,L,-10.0,L,-10.0,L,-10.0,L
93,Q,20,20,355.0,H13,H,475.0,H18,S,600.0,H19,S,440.0,H15,H,-10.0,L,-10.0,L,-10.0,L,-10.0,L
94,K,12,24,365.0,22,H,465.0,H13,H,610.0,H13,H,450.0,H19,S,10.0,W,-10.0,L,10.0,W,10.0,W
95,2,12,22,385.0,H10,D,475.0,H18,S,620.0,H5,H,460.0,TT,S,20.0,W,10.0,W,10.0,W,10.0,W
96,7,17,17,395.0,TT,S,465.0,H8,H,630.0,H18,S,470.0,H16,H,10.0,W,-10.0,L,10.0,W,10.0,W
97,4,12,22,405.0,H20,S,475.0,H13,S,640.0,H13,S,480.0,H14,S,10.0,W,10.0,W,10.0,W,10.0,W
98,6,16,26,415.0,H12,S,495.0,H9,D,650.0,H18,S,490.0,H12,S,10.0,W,20.0,W,10.0,W,10.0,W
99,6,11,22,425.0,H7,H,505.0,TT,S,660.0,H17,S,500.0,H19,S,10.0,W,10.0,W,10.0,W,10.0,W
100,2,11,18,425.0,H18,S,505.0,H18,S,670.0,H19,S,490.0,H12,H,0.0,P,0.0,P,10.0,W,-10.0,L
101,4,11,21,415.0,99,P,495.0,H15,S,660.0,H17,S,480.0,H20,S,-10.0,L,-10.0,L,-10.0,L,-10.0,L
102,6,8,17,425.0,H20,S,505.0,H18,S,680.0,55,D,470.0,22,P,10.0,W,10.0,W,20.0,W,-10.0,L
103,J,15,20,415.0,H5,H,495.0,H10,H,680.0,H8,H,460.0,H18,S,-10.0,L,-10.0,L,0.0,P,-10.0,L
104,4,11,21,405.0,H13,S,485.0,H16,S,670.0,H19,S,450.0,H20,S,-10.0,L,-10.0,L,-10.0,L,-10.0,L
105,2,5,20,395.0,H17,S,475.0,H14,S,660.0,H18,S,440.0,H14,S,-10.0,L,-10.0,L,-10.0,L,-10.0,L
106,2,11,17,405.0,H20,S,465.0,44,H,650.0,H12,H,450.0,H19,S,10.0,W,-10.0,L,-10.0,L,10.0,W
107,3,10,19,405.0,H19,S,455.0,H16,S,640.0,H17,S,440.0,H17,S,0.0,P,-10.0,L,-10.0,L,-10.0,L
108,7,9,22,415.0,H14,H,465.0,H20,S,630.0,H13,H,450.0,H15,H,10.0,W,10.0,W,-10.0,L,10.0,W
109,T,20,20,405.0,H18,S,455.0,H5,H,620.0,H19,S,440.0,H16,H,-10.0,L,-10.0,L,-10.0,L,-10.0,L
110,K,15,23,395.0,H15,H,465.0,H12,H,610.0,H14,H,450.0,KK,S,-10.0,L,10.0,W,-10.0,L,10.0,W
111,4,14,24,405.0,H12,S,475.0,H15,S,620.0,H17,S,470.0,H11,D,10.0,W,10.0,W,10.0,W,20.0,W
112,5,12,17,395.0,H13,S,465.0,88,P,610.0,H13,S,480.0,H8,H,-10.0,L,-10.0,L,-10.0,L,10.0,W
113,6,14,20,385.0,H15,S,455.0,H17,S,610.0,H20,S,470.0,H13,S,-10.0,L,-10.0,L,0.0,P,-10.0,L
114,2,12,18,365.0,H11,D,465.0,QQ,S,620.0,H20,S,460.0,H8,H,-20.0,L,10.0,W,10.0,W,-10.0,L
115,T,15,25,375.0,H13,H,475.0,H18,S,630.0,H17,S,450.0,H5,H,10.0,W,10.0,W,10.0,W,-10.0,L
116,T,21,,365.0,H20,,465.0,H15,,620.0,H19,,440.0,H9,,-10.0,L,-10.0,L,-10.0,L,-10.0,L
117,K,16,26,375.0,H10,H,475.0,H7,H,630.0,H17,S,450.0,H17,S,10.0,W,10.0,W,10.0,W,10.0,W
118,2,12,22,385.0,H20,S,485.0,H16,S,640.0,H14,S,460.0,AA,P,10.0,W,10.0,W,10.0,W,10.0,W
119,Q,16,26,395.0,H13,H,500.0,H21,BLACKJACK,650.0,H16,H,450.0,H12,H,10.0,W,15.0,W,10.0,W,-10.0,L
120,9,12,20,395.0,H12,H,500.0,QQ,S,640.0,H13,H,440.0,H14,H,0.0,P,0.0,P,-10.0,L,-10.0,L
121,9,19,19,405.0,H20,S,490.0,H14,H,630.0,H13,H,430.0,H13,H,10.0,W,-10.0,L,-10.0,L,-10.0,L
122,3,10,25,415.0,H20,S,500.0,77,P,640.0,H20,S,440.0,H18,S,10.0,W,10.0,W,10.0,W,10.0,W
123,5,11,25,425.0,H5,H,510.0,H20,S,650.0,H16,S,450.0,33,P,10.0,W,10.0,W,10.0,W,10.0,W
124,8,18,18,415.0,H15,H,520.0,H15,H,640.0,H16,H,460.0,H15,H,-10.0,L,10.0,W,-10.0,L,10.0,W
125,9,15,22,425.0,H12,H,530.0,H9,H,650.0,H18,S,480.0,H10,D,10.0,W,10.0,W,10.0,W,20.0,W
126,7,10,20,415.0,H14,H,545.0,H21,BLACKJACK,640.0,H16,H,495.0,H21,BLACKJACK,-10.0,L,15.0,W,-10.0,L,15.0,W
127,4,7,18,415.0,H7,H,565.0,H10,D,630.0,H6,H,485.0,H12,S,0.0,P,20.0,W,-10.0,L,-10.0,L
128,K,20,20,405.0,H12,H,555.0,H14,H,645.0,H21,BLACKJACK,475.0,H14,H,-10.0,L,-10.0,L,15.0,W,-10.0,L
129,4,9,22,420.0,H21,BLACKJACK,565.0,H15,S,655.0,H6,H,485.0,H16,S,15.0,W,10.0,W,10.0,W,10.0,W
130,2,13,18,410.0,H13,S,555.0,H16,S,645.0,H14,S,495.0,H19,S,-10.0,L,-10.0,L,-10.0,L,10.0,W
131,3,13,17,410.0,H17,S,575.0,H11,D,660.0,H21,BLACKJACK,505.0,99,P,0.0,P,20.0,W,15.0,W,10.0,W
132,3,8,22,420.0,H18,S,585.0,H18,S,670.0,TT,S,515.0,H20,S,10.0,W,10.0,W,10.0,W,10.0,W
133,Q,21,,410.0,H19,,575.0,H17,,660.0,22,,505.0,H5,,-10.0,L,-10.0,L,-10.0,L,-10.0,L
134,5,15,20,400.0,H13,S,565.0,H14,S,640.0,H11,D,495.0,H12,S,-10.0,L,-10.0,L,-20.0,L,-10.0,L
135,6,14,20,390.0,H12,S,555.0,H13,S,630.0,H15,S,485.0,H13,S,-10.0,L,-10.0,L,-10.0,L,-10.0,L
136,5,11,21,380.0,H15,S,545.0,H17,S,620.0,22,P,475.0,H17,S,-10.0,L,-10.0,L,-10.0,L,-10.0,L
137,T,15,24,390.0,H17,S,555.0,99,S,640.0,H11,D,465.0,H16,H,10.0,W,10.0,W,20.0,W,-10.0,L
138,Q,21,,380.0,H13,,545.0,H20,,630.0,H16,,455.0,H13,,-10.0,L,-10.0,L,-10.0,L,-10.0,L
139,Q,19,19,370.0,H13,H,555.0,H10,H,620.0,H15,H,445.0,H13,H,-10.0,L,10.0,W,-10.0,L,-10.0,L
140,8,18,18,380.0,H20,S,545.0,H13,H,630.0,H20,S,435.0,H16,H,10.0,W,-10.0,L,10.0,W,-10.0,L
141,K,15,20,370.0,H10,H,525.0,H11,D,630.0,H20,S,425.0,H10,H,-10.0,L,-20.0,L,0.0,P,-10.0,L
142,3,9,22,380.0,H20,S,535.0,H14,S,650.0,H11,D,435.0,H13,S,10.0,W,10.0,W,20.0,W,10.0,W
143,4,14,21,370.0,H14,S,550.0,H21,BLACKJACK,665.0,H21,BLACKJACK,425.0,H16,S,-10.0,L,15.0,W,15.0,W,-10.0,L
144,K,12,22,390.0,H11,D,570.0,H11,D,655.0,H16,H,435.0,H18,S,20.0,W,20.0,W,-10.0,L,10.0,W
145,T,17,17,370.0,H8,H,560.0,H12,H,645.0,H10,H,435.0,H9,H,-20.0,L,-10.0,L,-10.0,L,0.0,P
146,8,18,18,360.0,AA,P,550.0,H9,H,665.0,H11,D,425.0,H13,H,-10.0,L,-10.0,L,20.0,W,-10.0,L
147,9,19,19,350.0,77,H,540.0,H16,H,665.0,H19,S,415.0,H16,H,-10.0,L,-10.0,L,0.0,P,-10.0,L
148,2,6,26,360.0,H20,S,550.0,H20,S,675.0,H12,H,425.0,H17,S,10.0,W,10.0,W,10.0,W,10.0,W
149,7,15,25,375.0,H21,BLACKJACK,560.0,H7,H,665.0,H7,H,435.0,H18,S,15.0,W,10.0,W,-10.0,L,10.0,W
150,6,15,19,365.0,H12,S,550.0,H13,S,655.0,99,P,445.0,H20,S,-10.0,L,-10.0,L,-10.0,L,10.0,W
151,2,11,25,375.0,H14,S,560.0,H13,S,665.0,H13,S,455.0,H17,S,10.0,W,10.0,W,10.0,W,10.0,W
152,J,19,19,365.0,H13,H,560.0,H19,S,675.0,H20,S,445.0,H17,S,-10.0,L,0.0,P,10.0,W,-10.0,L
153,K,21,,355.0,H21,,550.0,H18,,665.0,H14,,435.0,H12,,-10.0,L,-10.0,L,-10.0,L,-10.0,L
154,Q,16,20,345.0,88,P,550.0,H10,H,665.0,H20,S,425.0,H18,S,-10.0,L,0.0,P,0.0,P,-10.0,L
155,8,18,18,335.0,H15,H,540.0,H13,H,675.0,H19,S,435.0,H19,S,-10.0,L,-10.0,L,10.0,W,10.0,W
156,9,11,21,335.0,H8,H,530.0,H20,S,665.0,H14,H,415.0,H11,D,0.0,P,-10.0,L,-10.0,L,-20.0,L
157,5,14,17,325.0,H12,S,520.0,H16,S,655.0,H15,S,415.0,H10,D,-10.0,L,-10.0,L,-10.0,L,0.0,P
158,K,20,20,325.0,JJ,S,530.0,H13,H,645.0,H17,S,415.0,H12,H,0.0,P,10.0,W,-10.0,L,0.0,P
159,T,17,17,315.0,H14,H,520.0,H6,H,635.0,H5,H,425.0,H7,H,-10.0,L,-10.0,L,-10.0,L,10.0,W
160,K,13,23,325.0,H13,H,530.0,H18,S,625.0,H16,H,435.0,H8,H,10.0,W,10.0,W,-10.0,L,10.0,W
161,8,17,17,315.0,H7,H,540.0,H13,H,615.0,H15,H,425.0,H12,H,-10.0,L,10.0,W,-10.0,L,-10.0,L
162,4,9,19,305.0,H18,S,550.0,H20,S,605.0,H12,S,425.0,H19,S,-10.0,L,10.0,W,-10.0,L,0.0,P
163,6,16,22,315.0,H8,H,560.0,H14,S,615.0,H18,S,445.0,H7,H,10.0,W,10.0,W,10.0,W,20.0,W
164,K,17,17,325.0,H18,S,550.0,H5,H,605.0,55,S,445.0,H16,H,10.0,W,-10.0,L,-10.0,L,0.0,P
165,J,18,18,315.0,H10,H,540.0,H12,H,615.0,H20,S,435.0,H16,H,-10.0,L,-10.0,L,10.0,W,-10.0,L
166,3,7,25,325.0,H12,H,550.0,H13,S,630.0,H21,BLACKJACK,445.0,H15,S,10.0,W,10.0,W,15.0,W,10.0,W
167,8,15,25,315.0,H12,H,560.0,H19,S,650.0,H10,D,455.0,H17,S,-10.0,L,10.0,W,20.0,W,10.0,W
168,7,18,18,325.0,H19,S,570.0,H19,S,640.0,H13,H,475.0,H11,D,10.0,W,10.0,W,-10.0,L,20.0,W
169,2,6,21,315.0,H15,S,550.0,H10,D,620.0,H9,H,465.0,H17,S,-10.0,L,-20.0,L,-20.0,L,-10.0,L
170,9,19,19,325.0,H9,H,540.0,H17,S,610.0,H12,H,455.0,H18,S,10.0,W,-10.0,L,-10.0,L,-10.0,L
171,Q,13,23,335.0,H14,H,550.0,H12,H,620.0,H12,H,465.0,H20,S,10.0,W,10.0,W,10.0,W,10.0,W
172,4,8,24,355.0,H11,D,560.0,H8,H,630.0,H15,S,485.0,H11,D,20.0,W,10.0,W,10.0,W,20.0,W
173,2,12,19,345.0,H12,H,540.0,H8,H,630.0,H9,H,475.0,H17,S,-10.0,L,-20.0,L,0.0,P,-10.0,L
174,4,14,19,335.0,H15,S,550.0,H20,S,620.0,H17,S,485.0,H20,S,-10.0,L,10.0,W,-10.0,L,10.0,W
175,J,20,20,315.0,H11,D,540.0,H15,H,635.0,H21,BLACKJACK,475.0,99,S,-20.0,L,-10.0,L,15.0,W,-10.0,L
176,6,10,20,305.0,H13,S,530.0,H12,S,625.0,H7,H,465.0,H19,S,-10.0,L,-10.0,L,-10.0,L,-10.0,L
177,2,10,21,295.0,JJ,S,520.0,H20,S,615.0,H13,S,455.0,H16,S,-10.0,L,-10.0,L,-10.0,L,-10.0,L
178,9,13,23,285.0,H16,H,510.0,H15,H,625.0,H13,H,465.0,JJ,S,-10.0,L,-10.0,L,10.0,W,10.0,W
179,6,8,18,295.0,H19,S,510.0,H11,D,615.0,H13,S,480.0,H21,BLACKJACK,10.0,W,0.0,P,-10.0,L,15.0,W
180,4,12,23,305.0,H15,S,520.0,H12,S,625.0,H15,S,490.0,H5,H,10.0,W,10.0,W,10.0,W,10.0,W
181,2,10,26,315.0,H14,S,535.0,H21,BLACKJACK,635.0,66,P,500.0,H17,S,10.0,W,15.0,W,10.0,W,10.0,W
182,2,4,24,335.0,H11,D,555.0,H11,D,645.0,H17,S,510.0,H15,S,20.0,W,20.0,W,10.0,W,10.0,W
183,Q,19,19,345.0,H20,S,545.0,H7,H,645.0,H16,H,520.0,KK,S,10.0,W,-10.0,L,0.0,P,10.0,W
184,2,12,21,325.0,H10,D,525.0,H11,D,635.0,H18,S,510.0,H12,H,-20.0,L,-20.0,L,-10.0,L,-10.0,L
185,6,12,22,345.0,H10,D,545.0,55,D,645.0,H12,S,520.0,H19,S,20.0,W,20.0,W,10.0,W,10.0,W
186,3,11,21,360.0,H21,BLACKJACK,535.0,H19,S,625.0,H10,D,510.0,H18,S,15.0,W,-10.0,L,-20.0,L,-10.0,L
187,J,17,17,370.0,H20,S,535.0,H16,H,625.0,H17,S,520.0,H13,H,10.0,W,0.0,P,0.0,P,10.0,W
188,A,16,21,370.0,H11,H,525.0,H16,H,615.0,H19,S,510.0,H16,H,0.0,P,-10.0,L,-10.0,L,-10.0,L
189,6,13,22,380.0,H16,S,535.0,H16,S,625.0,H16,S,520.0,H16,S,10.0,W,10.0,W,10.0,W,10.0,W
190,9,11,22,390.0,H13,H,545.0,H20,S,635.0,H15,H,530.0,H12,H,10.0,W,10.0,W,10.0,W,10.0,W
191,6,9,26,400.0,H16,S,555.0,H16,S,645.0,H20,S,550.0,H9,D,10.0,W,10.0,W,10.0,W,20.0,W
192,6,15,26,410.0,H13,S,565.0,H13,S,655.0,H20,S,560.0,H19,S,10.0,W,10.0,W,10.0,W,10.0,W
193,K,12,22,420.0,H15,H,575.0,H16,H,645.0,H13,H,570.0,H18,S,10.0,W,10.0,W,-10.0,L,10.0,W
194,9,16,18,410.0,H13,H,565.0,AA,P,645.0,H12,H,560.0,H13,H,-10.0,L,-10.0,L,0.0,P,-10.0,L
195,6,11,24,420.0,H18,S,575.0,H17,S,655.0,H12,S,570.0,H7,H,10.0,W,10.0,W,10.0,W,10.0,W
196,2,7,24,430.0,H20,S,585.0,TT,S,665.0,H20,S,580.0,H20,S,10.0,W,10.0,W,10.0,W,10.0,W
197,2,4,23,440.0,H6,H,595.0,H12,H,675.0,H18,S,590.0,H13,S,10.0,W,10.0,W,10.0,W,10.0,W
198,Q,20,20,430.0,33,H,575.0,H9,H,685.0,H13,H,580.0,H16,H,-10.0,L,-20.0,L,10.0,W,-10.0,L
199,6,16,18,420.0,H15,S,575.0,H18,S,705.0,H9,D,570.0,H14,S,-10.0,L,0.0,P,20.0,W,-10.0,L
200,9,15,18,430.0,H19,S,575.0,H18,S,715.0,H13,H,580.0,H9,H,10.0,W,0.0,P,10.0,W,10.0,W
201,5,13,22,440.0,H12,S,585.0,H15,S,725.0,H15,S,590.0,88,P,10.0,W,10.0,W,10.0,W,10.0,W
202,6,8,20,430.0,77,P,575.0,H18,S,715.0,H17,S,580.0,H14,S,-10.0,L,-10.0,L,-10.0,L,-10.0,L
203,K,15,22,440.0,H20,S,565.0,H13,H,725.0,H12,H,590.0,H10,H,10.0,W,-10.0,L,10.0,W,10.0,W
204,3,10,20,430.0,H12,H,565.0,H11,D,715.0,H7,H,580.0,H18,S,-10.0,L,0.0,P,-10.0,L,-10.0,L
205,6,16,19,450.0,H11,D,555.0,H13,S,705.0,H14,S,570.0,H17,S,20.0,W,-10.0,L,-10.0,L,-10.0,L
206,3,7,19,440.0,H14,S,545.0,H8,H,695.0,H7,H,580.0,H20,S,-10.0,L,-10.0,L,-10.0,L,10.0,W
207,5,15,21,420.0,H11,D,535.0,H19,S,685.0,H16,S,570.0,JJ,S,-20.0,L,-10.0,L,-10.0,L,-10.0,L
208,J,18,18,410.0,H17,S,545.0,TT,S,695.0,H15,H,580.0,H12,H,-10.0,L,10.0,W,10.0,W,10.0,W
209,T,19,19,420.0,H12,H,535.0,H18,S,685.0,H14,H,570.0,H16,H,10.0,W,-10.0,L,-10.0,L,-10.0,L
210,J,21,,410.0,H16,,525.0,H16,,675.0,H13,,560.0,TT,,-10.0,L,-10.0,L,-10.0,L,-10.0,L
211,Q,17,17,400.0,H12,H,515.0,H13,H,685.0,H15,H,550.0,H13,H,-10.0,L,-10.0,L,10.0,W,-10.0,L
212,K,13,23,410.0,H19,S,525.0,H10,H,695.0,H18,S,560.0,H20,S,10.0,W,10.0,W,10.0,W,10.0,W
213,2,7,21,400.0,H19,S,515.0,H14,S,685.0,H20,S,550.0,H19,S,-10.0,L,-10.0,L,-10.0,L,-10.0,L
214,A,18,18,415.0,H21,BLACKJACK,525.0,H20,S,675.0,H13,H,560.0,H19,S,15.0,W,10.0,W,-10.0,L,10.0,W
215,3,9,24,405.0,H5,H,545.0,H8,H,685.0,H13,S,570.0,99,P,-10.0,L,20.0,W,10.0,W,10.0,W
216,5,15,18,395.0,H16,S,535.0,H15,S,675.0,H14,S,580.0,H19,S,-10.0,L,-10.0,L,-10.0,L,10.0,W
217,T,20,20,385.0,H19,S,525.0,H14,H,655.0,H11,D,595.0,H21,BLACKJACK,-10.0,L,-10.0,L,-20.0,L,15.0,W
218,8,15,25,395.0,H20,S,545.0,55,D,665.0,H15,H,585.0,H7,H,10.0,W,20.0,W,10.0,W,-10.0,L
219,Q,14,24,405.0,H9,H,535.0,H15,H,675.0,H19,S,595.0,H15,H,10.0,W,-10.0,L,10.0,W,10.0,W
220,2,12,22,415.0,H17,S,545.0,H14,S,665.0,H12,H,605.0,H18,S,10.0,W,10.0,W,-10.0,L,10.0,W
221,4,14,19,415.0,H7,H,535.0,H18,S,655.0,H18,S,615.0,H20,S,0.0,P,-10.0,L,-10.0,L,10.0,W
222,3,6,25,425.0,H17,S,545.0,H12,H,665.0,H15,S,625.0,H14,S,10.0,W,10.0,W,10.0,W,10.0,W
223,8,13,23,435.0,H20,S,555.0,H17,S,655.0,H14,H,635.0,H15,H,10.0,W,10.0,W,-10.0,L,10.0,W
224,J,17,17,445.0,H18,S,545.0,H8,H,655.0,H17,S,645.0,H13,H,10.0,W,-10.0,L,0.0,P,10.0,W
225,Q,20,20,435.0,H6,H,535.0,H17,S,645.0,99,S,635.0,H13,H,-10.0,L,-10.0,L,-10.0,L,-10.0,L
226,6,12,21,425.0,H14,S,525.0,H15,S,635.0,H12,S,625.0,H13,S,-10.0,L,-10.0,L,-10.0,L,-10.0,L
227,A,21,,415.0,H21,,515.0,H16,,625.0,H14,,615.0,H12,,-10.0,L,-10.0,L,-10.0,L,-10.0,L
228,3,11,20,405.0,H16,S,505.0,H12,H,640.0,H21,BLACKJACK,605.0,H16,S,-10.0,L,-10.0,L,15.0,W,-10.0,L
229,5,11,21,395.0,JJ,S,495.0,H20,S,630.0,H18,S,595.0,H14,S,-10.0,L,-10.0,L,-10.0,L,-10.0,L
230,T,18,18,395.0,H18,S,485.0,H13,H,620.0,H12,H,585.0,H12,H,0.0,P,-10.0,L,-10.0,L,-10.0,L
231,9,17,17,405.0,H18,S,505.0,H11,D,610.0,22,H,595.0,H20,S,10.0,W,20.0,W,-10.0,L,10.0,W
232,7,17,17,405.0,H17,S,515.0,H13,H,620.0,H13,H,605.0,H12,H,0.0,P,10.0,W,10.0,W,10.0,W
233,5,7,19,415.0,H20,S,505.0,H18,S,600.0,55,D,595.0,H18,S,10.0,W,-10.0,L,-20.0,L,-10.0,L
234,T,19,19,405.0,99,S,495.0,H14,H,590.0,H13,H,585.0,H16,H,-10.0,L,-10.0,L,-10.0,L,-10.0,L
235,4,14,25,415.0,H12,S,505.0,H13,S,600.0,KK,S,605.0,H11,D,10.0,W,10.0,W,10.0,W,20.0,W
236,6,15,18,405.0,H13,S,495.0,H8,H,600.0,H8,H,615.0,H20,S,-10.0,L,-10.0,L,0.0,P,10.0,W
237,9,19,19,415.0,H14,H,485.0,H17,S,610.0,TT,S,605.0,H12,H,10.0,W,-10.0,L,10.0,W,-10.0,L
238,2,10,19,405.0,H12,H,475.0,H13,S,600.0,H13,S,620.0,H21,BLACKJACK,-10.0,L,-10.0,L,-10.0,L,15.0,W
239,9,12,22,395.0,H15,H,485.0,H16,H,610.0,22,H,630.0,H14,H,-10.0,L,10.0,W,10.0,W,10.0,W
240,5,10,19,405.0,TT,S,475.0,H12,S,600.0,H12,S,620.0,H17,S,10.0,W,-10.0,L,-10.0,L,-10.0,L
241,7,10,19,405.0,H19,S,465.0,H14,H,590.0,AA,P,610.0,22,P,0.0,P,-10.0,L,-10.0,L,-10.0,L
242,3,13,18,395.0,H16,S,475.0,TT,S,580.0,H15,S,630.0,H11,D,-10.0,L,10.0,W,-10.0,L,20.0,W
243,5,15,25,415.0,H11,D,485.0,H20,S,590.0,22,P,645.0,H21,BLACKJACK,20.0,W,10.0,W,10.0,W,15.0,W
244,T,20,20,405.0,H19,S,475.0,H16,H,580.0,H13,H,625.0,H11,D,-10.0,L,-10.0,L,-10.0,L,-20.0,L
245,Q,16,25,415.0,H20,S,485.0,H18,S,570.0,H10,H,635.0,H12,H,10.0,W,10.0,W,-10.0,L,10.0,W
246,3,9,20,415.0,H10,D,485.0,TT,S,560.0,H18,S,625.0,H12,H,0.0,P,0.0,P,-10.0,L,-10.0,L
247,A,15,18,425.0,H13,H,485.0,H18,S,550.0,H17,S,635.0,H20,S,10.0,W,0.0,P,-10.0,L,10.0,W
248,J,19,19,415.0,33,H,495.0,H10,H,540.0,H18,S,625.0,H7,H,-10.0,L,10.0,W,-10.0,L,-10.0,L
249,2,8,24,425.0,H13,S,505.0,H15,S,555.0,H21,BLACKJACK,635.0,H15,S,10.0,W,10.0,W,15.0,W,10.0,W
250,9,16,24,415.0,H7,H,525.0,H11,D,565.0,H16,H,645.0,H18,S,-10.0,L,20.0,W,10.0,W,10.0,W
251,J,16,18,425.0,H10,H,515.0,H12,H,555.0,77,H,655.0,H10,H,10.0,W,-10.0,L,-10.0,L,10.0,W
252,4,15,19,415.0,H7,H,525.0,H20,S,545.0,H17,S,645.0,H15,S,-10.0,L,10.0,W,-10.0,L,-10.0,L
253,Q,20,20,425.0,H14,H,525.0,H20,S,545.0,H20,S,635.0,H19,S,10.0,W,0.0,P,0.0,P,-10.0,L
254,K,12,22,440.0,H21,BLACKJACK,515.0,H14,H,555.0,H14,H,625.0,H15,H,15.0,W,-10.0,L,10.0,W,-10.0,L
255,Q,20,20,440.0,KK,S,505.0,H17,S,555.0,H20,S,615.0,H10,H,0.0,P,-10.0,L,0.0,P,-10.0,L
256,9,16,17,440.0,H17,S,495.0,H15,H,565.0,H12,H,605.0,H14,H,0.0,P,-10.0,L,10.0,W,-10.0,L
257,T,15,25,460.0,H11,D,515.0,H11,D,575.0,H17,S,615.0,QQ,S,20.0,W,20.0,W,10.0,W,10.0,W
258,J,18,18,470.0,H15,H,525.0,H12,H,595.0,H11,D,625.0,H12,H,10.0,W,10.0,W,20.0,W,10.0,W
259,5,15,20,460.0,H16,S,515.0,H6,H,595.0,H7,H,615.0,H16,S,-10.0,L,-10.0,L,0.0,P,-10.0,L
260,K,21,,450.0,H13,,505.0,H11,,585.0,H11,,605.0,H13,,-10.0,L,-10.0,L,-10.0,L,-10.0,L
261,9,19,19,440.0,H14,H,520.0,H21,BLACKJACK,595.0,JJ,S,595.0,H16,H,-10.0,L,15.0,W,10.0,W,-10.0,L
262,Q,20,20,430.0,H19,S,510.0,H16,H,585.0,H17,S,605.0,H16,H,-10.0,L,-10.0,L,-10.0,L,10.0,W
263,Q,14,17,420.0,88,P,520.0,H7,H,600.0,H21,BLACKJACK,615.0,H20,S,-10.0,L,10.0,W,15.0,W,10.0,W
264,4,15,25,430.0,H17,S,535.0,H21,BLACKJACK,610.0,H12,S,625.0,H13,S,10.0,W,15.0,W,10.0,W,10.0,W
265,Q,16,25,440.0,H19,S,545.0,H15,H,620.0,H17,S,635.0,KK,S,10.0,W,10.0,W,10.0,W,10.0,W
266,3,5,25,450.0,H14,S,555.0,66,P,640.0,H10,D,645.0,H8,H,10.0,W,10.0,W,20.0,W,10.0,W
267,Q,19,19,440.0,H16,H,565.0,H15,H,650.0,H16,H,625.0,H11,D,-10.0,L,10.0,W,10.0,W,-20.0,L
268,4,14,18,430.0,H17,S,555.0,H15,S,640.0,H15,S,615.0,H16,S,-10.0,L,-10.0,L,-10.0,L,-10.0,L
269,9,19,19,420.0,H12,H,535.0,H11,D,640.0,44,H,625.0,H20,S,-10.0,L,-20.0,L,0.0,P,10.0,W
270,9,19,19,410.0,H13,H,545.0,H12,H,620.0,H10,D,615.0,H17,S,-10.0,L,10.0,W,-20.0,L,-10.0,L
271,J,20,20,400.0,H9,H,535.0,H13,H,610.0,H12,H,605.0,H18,S,-10.0,L,-10.0,L,-10.0,L,-10.0,L
272,5,9,20,390.0,H15,S,525.0,H19,S,600.0,H12,S,605.0,H20,S,-10.0,L,-10.0,L,-10.0,L,0.0,P
273,A,12,21,380.0,H10,H,515.0,KK,S,590.0,H6,H,595.0,H13,H,-10.0,L,-10.0,L,-10.0,L,-10.0,L
274,3,5,23,390.0,H13,S,525.0,H13,S,600.0,H16,S,605.0,H16,S,10.0,W,10.0,W,10.0,W,10.0,W
275,5,15,22,400.0,H18,S,545.0,H11,D,620.0,H10,D,615.0,H7,H,10.0,W,20.0,W,20.0,W,10.0,W
276,5,11,18,420.0,H11,D,535.0,H13,S,610.0,H15,S,605.0,H13,S,20.0,W,-10.0,L,-10.0,L,-10.0,L
277,T,20,20,410.0,H14,H,535.0,33,H,600.0,H15,H,595.0,H16,H,-10.0,L,0.0,P,-10.0,L,-10.0,L
278,9,13,20,400.0,H15,H,535.0,TT,S,600.0,H20,S,585.0,H19,S,-10.0,L,0.0,P,0.0,P,-10.0,L
279,4,11,21,390.0,H13,S,525.0,H20,S,590.0,H17,S,575.0,H19,S,-10.0,L,-10.0,L,-10.0,L,-10.0,L
280,Q,17,17,380.0,H14,H,525.0,H17,S,600.0,H13,H,585.0,H18,S,-10.0,L,0.0,P,10.0,W,10.0,W
281,T,18,18,370.0,H15,H,535.0,QQ,S,590.0,H12,H,585.0,H18,S,-10.0,L,10.0,W,-10.0,L,0.0,P
282,A,21,,360.0,H13,,525.0,H16,,580.0,H14,,575.0,H12,,-10.0,L,-10.0,L,-10.0,L,-10.0,L
283,4,9,19,370.0,H20,S,535.0,H20,S,570.0,H17,S,565.0,H17,S,10.0,W,10.0,W,-10.0,L,-10.0,L
284,2,12,22,380.0,H13,S,545.0,H13,S,580.0,H9,H,575.0,H14,S,10.0,W,10.0,W,10.0,W,10.0,W
285,T,16,26,370.0,H15,H,555.0,H20,S,590.0,H10,H,585.0,H19,S,-10.0,L,10.0,W,10.0,W,10.0,W
286,5,15,22,380.0,H15,S,565.0,H16,S,610.0,H10,D,595.0,H15,S,10.0,W,10.0,W,20.0,W,10.0,W
287,6,16,20,360.0,H10,D,555.0,44,P,610.0,H20,S,595.0,H20,S,-20.0,L,-10.0,L,0.0,P,0.0,P
288,4,13,23,370.0,H12,S,565.0,H12,S,620.0,H20,S,605.0,AA,P,10.0,W,10.0,W,10.0,W,10.0,W
289,T,16,21,360.0,H12,H,565.0,H15,H,610.0,H15,H,595.0,H12,H,-10.0,L,0.0,P,-10.0,L,-10.0,L
290,7,13,18,370.0,H12,H,565.0,H14,H,620.0,KK,S,615.0,H10,D,10.0,W,0.0,P,10.0,W,20.0,W
291,Q,20,20,370.0,H16,H,555.0,H12,H,610.0,H12,H,605.0,H14,H,0.0,P,-10.0,L,-10.0,L,-10.0,L
292,5,14,17,380.0,H8,H,535.0,H11,D,620.0,H20,S,595.0,H6,H,10.0,W,-20.0,L,10.0,W,-10.0,L
293,6,8,17,370.0,H15,S,525.0,H12,S,630.0,H20,S,585.0,H14,S,-10.0,L,-10.0,L,10.0,W,-10.0,L
294,8,18,18,380.0,H20,S,535.0,H12,H,620.0,H14,H,575.0,33,H,10.0,W,10.0,W,-10.0,L,-10.0,L
295,K,20,20,370.0,H18,S,525.0,H7,H,630.0,H12,H,565.0,H5,H,-10.0,L,-10.0,L,10.0,W,-10.0,L
296,Q,21,,360.0,H17,,515.0,H14,,620.0,H21,,555.0,JJ,,-10.0,L,-10.0,L,-10.0,L,-10.0,L
297,2,12,23,370.0,H13,S,525.0,H13,S,630.0,H20,S,545.0,H12,H,10.0,W,10.0,W,10.0,W,-10.0,L
298,9,19,19,360.0,H18,S,515.0,H12,H,610.0,H11,D,525.0,H11,D,-10.0,L,-10.0,L,-20.0,L,-20.0,L
299,5,8,18,350.0,H16,S,505.0,H14,S,600.0,H17,S,515.0,H12,S,-10.0,L,-10.0,L,-10.0,L,-10.0,L
300,7,12,22,360.0,H19,S,520.0,H21,BLACKJACK,610.0,H16,H,525.0,H18,S,10.0,W,15.0,W,10.0,W,10.0,W
301,2,4,22,370.0,H9,H,530.0,H17,S,620.0,H7,H,535.0,H9,H,10.0,W,10.0,W,10.0,W,10.0,W
302,8,12,20,360.0,H14,H,520.0,H13,H,620.0,H20,S,525.0,H14,H,-10.0,L,-10.0,L,0.0,P,-10.0,L
303,8,17,17,360.0,H17,S,510.0,H13,H,635.0,H21,BLACKJACK,535.0,H18,S,0.0,P,-10.0,L,15.0,W,10.0,W
304,J,21,,350.0,H11,,500.0,H12,,625.0,H11,,525.0,H21,,-10.0,L,-10.0,L,-10.0,L,-10.0,L
305,5,7,18,340.0,H15,S,510.0,H20,S,615.0,H16,S,535.0,H20,S,-10.0,L,10.0,W,-10.0,L,10.0,W
306,Q,16,18,330.0,77,H,500.0,H9,H,625.0,KK,S,545.0,H20,S,-10.0,L,-10.0,L,10.0,W,10.0,W
307,5,8,19,320.0,H18,S,490.0,H7,H,645.0,H10,D,555.0,H20,S,-10.0,L,-10.0,L,20.0,W,10.0,W
308,6,12,18,330.0,H20,S,500.0,H20,S,655.0,KK,S,565.0,H20,S,10.0,W,10.0,W,10.0,W,10.0,W
309,7,13,21,320.0,H16,H,490.0,H12,H,655.0,H12,H,555.0,H14,H,-10.0,L,-10.0,L,0.0,P,-10.0,L
310,5,8,18,310.0,H17,S,480.0,H8,H,655.0,H18,S,535.0,H11,D,-10.0,L,-10.0,L,0.0,P,-20.0,L
311,A,20,20,300.0,H14,H,470.0,H18,S,655.0,QQ,S,535.0,H8,H,-10.0,L,-10.0,L,0.0,P,0.0,P
312,6,15,17,315.0,H21,BLACKJACK,460.0,66,P,645.0,H5,H,525.0,H15,S,15.0,W,-10.0,L,-10.0,L,-10.0,L
313,8,18,18,305.0,H16,H,480.0,H11,D,645.0,H12,H,535.0,H20,S,-10.0,L,20.0,W,0.0,P,10.0,W
314,4,8,18,325.0,H10,D,500.0,H9,D,635.0,H13,S,555.0,H9,D,20.0,W,20.0,W,-10.0,L,20.0,W
315,5,7,17,315.0,H14,S,510.0,H20,S,645.0,H19,S,575.0,H10,D,-10.0,L,10.0,W,10.0,W,20.0,W
316,T,20,20,305.0,H17,S,500.0,H15,H,645.0,TT,S,565.0,H16,H,-10.0,L,-10.0,L,0.0,P,-10.0,L
317,K,13,23,315.0,H13,H,490.0,H13,H,655.0,H19,S,575.0,H5,H,10.0,W,-10.0,L,10.0,W,10.0,W
318,9,19,19,315.0,H19,S,500.0,H12,H,645.0,H14,H,575.0,H19,S,0.0,P,10.0,W,-10.0,L,0.0,P
319,4,14,22,325.0,H20,S,520.0,H9,D,655.0,H20,S,595.0,H11,D,10.0,W,20.0,W,10.0,W,20.0,W
320,K,12,23,315.0,H13,H,530.0,H20,S,645.0,H16,H,605.0,55,S,-10.0,L,10.0,W,-10.0,L,10.0,W
321,A,16,22,305.0,H15,H,540.0,H13,H,660.0,H21,BLACKJACK,620.0,H21,BLACKJACK,-10.0,L,10.0,W,15.0,W,15.0,W
322,9,16,19,295.0,H14,H,555.0,H21,BLACKJACK,650.0,H8,H,610.0,H13,H,-10.0,L,15.0,W,-10.0,L,-10.0,L
323,4,6,19,285.0,H17,S,545.0,AA,P,640.0,H17,S,600.0,H15,S,-10.0,L,-10.0,L,-10.0,L,-10.0,L
324,7,11,17,275.0,H14,H,555.0,H12,H,650.0,H20,S,600.0,H17,S,-10.0,L,10.0,W,10.0,W,0.0,P
325,A,18,18,290.0,H21,BLACKJACK,565.0,H9,H,650.0,99,S,610.0,H14,H,15.0,W,10.0,W,0.0,P,10.0,W
326,8,17,17,300.0,H20,S,585.0,H11,D,660.0,H15,H,610.0,H14,H,10.0,W,20.0,W,10.0,W,0.0,P
327,T,12,22,310.0,H15,H,575.0,H12,H,650.0,H14,H,620.0,H17,S,10.0,W,-10.0,L,-10.0,L,10.0,W
328,T,20,20,300.0,H8,H,585.0,H13,H,640.0,H13,H,610.0,H19,S,-10.0,L,10.0,W,-10.0,L,-10.0,L
329,3,13,22,310.0,H19,S,595.0,H20,S,650.0,H15,S,620.0,H14,S,10.0,W,10.0,W,10.0,W,10.0,W
330,4,8,19,300.0,H12,S,605.0,H20,S,670.0,H10,D,620.0,H19,S,-10.0,L,10.0,W,20.0,W,0.0,P
331,T,19,19,280.0,H11,D,615.0,H14,H,660.0,H18,S,610.0,H13,H,-20.0,L,10.0,W,-10.0,L,-10.0,L
332,2,12,20,270.0,H14,S,635.0,H11,D,650.0,H12,H,610.0,H20,S,-10.0,L,20.0,W,-10.0,L,0.0,P
333,9,18,18,260.0,H12,H,645.0,H14,H,660.0,H20,S,600.0,H16,H,-10.0,L,10.0,W,10.0,W,-10.0,L
334,5,13,17,270.0,H20,S,655.0,H18,S,670.0,QQ,S,580.0,H10,D,10.0,W,10.0,W,10.0,W,-20.0,L
335,2,11,20,260.0,H13,S,645.0,44,H,660.0,H19,S,570.0,H15,S,-10.0,L,-10.0,L,-10.0,L,-10.0,L
336,4,14,24,270.0,H13,S,665.0,H9,D,670.0,44,H,590.0,H11,D,10.0,W,20.0,W,10.0,W,20.0,W
337,5,14,18,290.0,55,D,655.0,H13,S,660.0,H15,S,600.0,H19,S,20.0,W,-10.0,L,-10.0,L,10.0,W
338,7,15,25,300.0,H9,H,665.0,H13,H,650.0,H15,H,610.0,H17,S,10.0,W,10.0,W,-10.0,L,10.0,W
339,4,13,17,310.0,H20,S,680.0,H21,BLACKJACK,640.0,H12,S,600.0,H15,S,10.0,W,15.0,W,-10.0,L,-10.0,L
340,K,20,20,300.0,H18,S,670.0,H18,S,630.0,H13,H,590.0,H17,S,-10.0,L,-10.0,L,-10.0,L,-10.0,L
341,2,4,23,320.0,H10,D,680.0,66,P,645.0,H21,BLACKJACK,600.0,H9,H,20.0,W,10.0,W,15.0,W,10.0,W
342,3,13,23,330.0,H15,S,690.0,H19,S,655.0,H14,S,610.0,H15,S,10.0,W,10.0,W,10.0,W,10.0,W
343,Q,20,20,320.0,H13,H,680.0,H13,H,675.0,44,H,600.0,66,S,-10.0,L,-10.0,L,20.0,W,-10.0,L
344,J,16,26,330.0,H18,S,670.0,H14,H,685.0,H18,S,610.0,H7,H,10.0,W,-10.0,L,10.0,W,10.0,W
345,Q,18,18,350.0,H11,D,685.0,H21,BLACKJACK,695.0,H10,H,600.0,H15,H,20.0,W,15.0,W,10.0,W,-10.0,L
346,4,11,21,340.0,H14,S,675.0,H13,S,685.0,H17,S,590.0,H19,S,-10.0,L,-10.0,L,-10.0,L,-10.0,L
347,5,12,22,360.0,H9,D,690.0,H21,BLACKJACK,695.0,H13,S,600.0,H13,S,20.0,W,15.0,W,10.0,W,10.0,W
348,6,16,26,370.0,H12,S,710.0,H11,D,705.0,H15,S,610.0,H20,S,10.0,W,20.0,W,10.0,W,10.0,W
349,9,19,19,350.0,H11,D,700.0,H17,S,685.0,H10,D,625.0,H21,BLACKJACK,-20.0,L,-10.0,L,-20.0,L,15.0,W
350,6,11,22,370.0,H10,D,710.0,H16,S,695.0,H12,S,645.0,H11,D,20.0,W,10.0,W,10.0,W,20.0,W
351,T,14,24,380.0,33,H,725.0,H21,BLACKJACK,685.0,H16,H,655.0,H17,S,10.0,W,15.0,W,-10.0,L,10.0,W
352,2,13,25,400.0,H10,D,735.0,H8,H,695.0,KK,S,665.0,H17,S,20.0,W,10.0,W,10.0,W,10.0,W
353,5,15,22,410.0,H17,S,755.0,H10,D,705.0,H13,S,685.0,H10,D,10.0,W,20.0,W,10.0,W,20.0,W
354,Q,20,20,400.0,H19,S,745.0,33,H,705.0,H10,H,675.0,22,H,-10.0,L,-10.0,L,0.0,P,-10.0,L
355,6,8,21,380.0,H9,D,735.0,H12,S,695.0,H14,S,655.0,H5,H,-20.0,L,-10.0,L,-10.0,L,-20.0,L
356,T,12,22,390.0,H19,S,745.0,H20,S,685.0,H14,H,670.0,H21,BLACKJACK,10.0,W,10.0,W,-10.0,L,15.0,W
357,2,9,19,405.0,H21,BLACKJACK,735.0,H15,S,675.0,H6,H,660.0,H15,S,15.0,W,-10.0,L,-10.0,L,-10.0,L
358,8,12,22,395.0,H14,H,745.0,H14,H,685.0,H17,S,680.0,H11,D,-10.0,L,10.0,W,10.0,W,20.0,W
359,J,13,22,385.0,H16,H,765.0,H11,D,675.0,H15,H,690.0,H18,S,-10.0,L,20.0,W,-10.0,L,10.0,W
360,6,16,18,375.0,44,P,755.0,H16,S,665.0,44,P,680.0,H14,S,-10.0,L,-10.0,L,-10.0,L,-10.0,L
361,J,12,17,385.0,H20,S,765.0,H15,H,665.0,H17,S,690.0,H14,H,10.0,W,10.0,W,0.0,P,10.0,W
362,T,19,19,375.0,H16,H,775.0,H20,S,655.0,H18,S,680.0,H15,H,-10.0,L,10.0,W,-10.0,L,-10.0,L
363,T,14,24,385.0,H16,H,785.0,H10,H,645.0,H12,H,670.0,H8,H,10.0,W,10.0,W,-10.0,L,-10.0,L
364,6,11,20,375.0,H13,S,805.0,H10,D,635.0,H14,S,660.0,H19,S,-10.0,L,20.0,W,-10.0,L,-10.0,L
365,3,6,19,375.0,H19,S,785.0,H11,D,625.0,H8,H,650.0,H14,S,0.0,P,-20.0,L,-10.0,L,-10.0,L
366,K,20,20,365.0,H14,H,795.0,H12,H,615.0,H12,H,640.0,H19,S,-10.0,L,10.0,W,-10.0,L,-10.0,L
367,T,14,19,355.0,H9,H,775.0,H11,D,605.0,H15,H,630.0,22,H,-10.0,L,-20.0,L,-10.0,L,-10.0,L
368,J,18,18,355.0,H12,H,765.0,H5,H,595.0,H17,S,640.0,H15,H,0.0,P,-10.0,L,-10.0,L,10.0,W
369,5,14,22,365.0,H14,S,775.0,H16,S,605.0,H12,S,650.0,H13,S,10.0,W,10.0,W,10.0,W,10.0,W
370,2,12,22,375.0,H20,S,790.0,H21,BLACKJACK,615.0,H19,S,665.0,H21,BLACKJACK,10.0,W,15.0,W,10.0,W,15.0,W
371,2,10,21,365.0,H13,S,780.0,H18,S,605.0,H12,H,655.0,H16,S,-10.0,L,-10.0,L,-10.0,L,-10.0,L
372,9,19,19,345.0,H11,D,770.0,H16,H,615.0,H20,S,645.0,H16,H,-20.0,L,-10.0,L,10.0,W,-10.0,L
373,J,20,20,335.0,H7,H,760.0,H18,S,615.0,H20,S,635.0,H16,H,-10.0,L,-10.0,L,0.0,P,-10.0,L
374,A,17,17,325.0,H16,H,770.0,H19,S,605.0,AA,P,635.0,H17,S,-10.0,L,10.0,W,-10.0,L,0.0,P
375,2,10,21,315.0,H16,S,760.0,H20,S,595.0,H12,H,615.0,H5,H,-10.0,L,-10.0,L,-10.0,L,-20.0,L
376,8,19,19,305.0,H13,H,750.0,H12,H,610.0,H21,BLACKJACK,605.0,H14,H,-10.0,L,-10.0,L,15.0,W,-10.0,L
377,8,18,18,315.0,H19,S,760.0,H20,S,600.0,H13,H,595.0,H12,H,10.0,W,10.0,W,-10.0,L,-10.0,L
378,7,15,25,325.0,33,P,770.0,H9,H,610.0,H16,H,585.0,H16,H,10.0,W,10.0,W,10.0,W,-10.0,L
379,8,11,21,315.0,H9,H,760.0,H9,H,600.0,H12,H,575.0,H15,H,-10.0,L,-10.0,L,-10.0,L,-10.0,L
380,4,14,24,325.0,H17,S,780.0,H5,H,610.0,AA,P,585.0,H17,S,10.0,W,20.0,W,10.0,W,10.0,W
381,3,13,17,335.0,H19,S,780.0,H17,S,610.0,H17,S,575.0,H14,S,10.0,W,0.0,P,0.0,P,-10.0,L
382,J,21,,325.0,H10,,770.0,H13,,600.0,H20,,565.0,H19,,-10.0,L,-10.0,L,-10.0,L,-10.0,L
383,9,11,21,325.0,H9,H,760.0,H16,H,590.0,H5,H,555.0,H13,H,0.0,P,-10.0,L,-10.0,L,-10.0,L
384,2,8,18,315.0,H15,S,780.0,H10,D,600.0,H19,S,555.0,H18,S,-10.0,L,20.0,W,10.0,W,0.0,P
385,5,15,23,325.0,66,P,790.0,77,P,610.0,H14,S,565.0,H15,S,10.0,W,10.0,W,10.0,W,10.0,W
386,4,14,24,340.0,H21,BLACKJACK,800.0,H13,S,620.0,H20,S,575.0,H15,S,15.0,W,10.0,W,10.0,W,10.0,W
387,9,19,19,330.0,H17,S,810.0,KK,S,610.0,H7,H,565.0,H12,H,-10.0,L,10.0,W,-10.0,L,-10.0,L
388,7,12,22,320.0,H14,H,800.0,H12,H,620.0,H16,H,575.0,H19,S,-10.0,L,-10.0,L,10.0,W,10.0,W
389,T,19,19,330.0,H13,H,790.0,H17,S,630.0,H13,H,585.0,H14,H,10.0,W,-10.0,L,10.0,W,10.0,W
390,4,12,17,320.0,H15,S,780.0,H16,S,640.0,H20,S,575.0,H12,S,-10.0,L,-10.0,L,10.0,W,-10.0,L
391,K,17,17,330.0,H14,H,790.0,H19,S,650.0,H20,S,575.0,H14,H,10.0,W,10.0,W,10.0,W,0.0,P
392,9,14,23,320.0,H16,H,800.0,H20,S,640.0,H15,H,565.0,H12,H,-10.0,L,10.0,W,-10.0,L,-10.0,L
393,6,16,19,310.0,H13,S,790.0,H15,S,630.0,H15,S,555.0,H6,H,-10.0,L,-10.0,L,-10.0,L,-10.0,L
394,Q,17,17,300.0,55,S,790.0,H7,H,630.0,H17,S,545.0,H15,H,-10.0,L,0.0,P,0.0,P,-10.0,L
395,5,13,23,310.0,H18,S,800.0,H15,S,640.0,H15,S,560.0,H21,BLACKJACK,10.0,W,10.0,W,10.0,W,15.0,W
396,K,21,,300.0,H17,,790.0,H16,,630.0,H13,,550.0,55,,-10.0,L,-10.0,L,-10.0,L,-10.0,L
397,3,6,22,310.0,H6,H,805.0,H21,BLACKJACK,640.0,H19,S,560.0,H12,H,10.0,W,15.0,W,10.0,W,10.0,W
398,J,13,23,320.0,H15,H,795.0,H12,H,650.0,H18,S,570.0,88,P,10.0,W,-10.0,L,10.0,W,10.0,W
399,A,15,25,330.0,H9,H,805.0,H15,H,660.0,H19,S,580.0,H20,S,10.0,W,10.0,W,10.0,W,10.0,W
400,T,16,26,340.0,H17,S,795.0,77,H,670.0,H12,H,590.0,H20,S,10.0,W,-10.0,L,10.0,W,10.0,W
401,5,8,23,355.0,H21,BLACKJACK,805.0,H16,S,680.0,H15,S,610.0,H10,D,15.0,W,10.0,W,10.0,W,20.0,W
402,4,12,24,365.0,H8,H,815.0,H18,S,690.0,H17,S,620.0,H18,S,10.0,W,10.0,W,10.0,W,10.0,W
403,Q,21,,355.0,H17,,805.0,H8,,680.0,H20,,610.0,H20,,-10.0,L,-10.0,L,-10.0,L,-10.0,L
404,4,15,19,345.0,H15,S,795.0,H18,S,660.0,H11,D,600.0,H18,S,-10.0,L,-10.0,L,-20.0,L,-10.0,L
405,A,13,21,335.0,H15,H,785.0,H16,H,650.0,H18,S,590.0,H17,S,-10.0,L,-10.0,L,-10.0,L,-10.0,L
406,5,8,26,345.0,H19,S,795.0,H13,S,660.0,H20,S,600.0,H14,S,10.0,W,10.0,W,10.0,W,10.0,W
407,K,12,23,355.0,AA,P,805.0,33,H,650.0,H12,H,590.0,H13,H,10.0,W,10.0,W,-10.0,L,-10.0,L
408,7,17,17,345.0,H12,H,815.0,99,S,660.0,H15,H,600.0,H12,H,-10.0,L,10.0,W,10.0,W,10.0,W
409,3,5,19,355.0,JJ,S,805.0,H16,S,650.0,H13,S,590.0,H14,S,10.0,W,-10.0,L,-10.0,L,-10.0,L
410,2,11,17,345.0,H13,S,795.0,H16,S,640.0,77,P,600.0,H19,S,-10.0,L,-10.0,L,-10.0,L,10.0,W
411,A,20,20,335.0,33,H,785.0,H19,S,630.0,H15,H,600.0,H10,H,-10.0,L,-10.0,L,-10.0,L,0.0,P
412,6,10,20,325.0,H14,S,775.0,H12,S,645.0,H21,BLACKJACK,580.0,H10,D,-10.0,L,-10.0,L,15.0,W,-20.0,L
413,4,14,17,315.0,H16,S,785.0,H18,S,635.0,H7,H,570.0,H13,S,-10.0,L,10.0,W,-10.0,L,-10.0,L
414,6,14,18,305.0,H12,S,775.0,H14,S,615.0,H8,H,550.0,H9,D,-10.0,L,-10.0,L,-20.0,L,-20.0,L
415,K,15,18,315.0,H20,S,765.0,H15,H,625.0,H19,S,540.0,H14,H,10.0,W,-10.0,L,10.0,W,-10.0,L
416,Q,20,20,305.0,H17,S,755.0,H19,S,625.0,H13,H,530.0,H16,H,-10.0,L,-10.0,L,0.0,P,-10.0,L
417,J,19,19,295.0,99,S,765.0,H14,H,615.0,H15,H,540.0,H20,S,-10.0,L,10.0,W,-10.0,L,10.0,W
418,6,15,17,275.0,H11,D,755.0,H16,S,605.0,H15,S,530.0,H13,S,-20.0,L,-10.0,L,-10.0,L,-10.0,L
419,6,14,24,285.0,H16,S,765.0,H20,S,615.0,44,P,550.0,H11,D,10.0,W,10.0,W,10.0,W,20.0,W
420,T,15,26,295.0,H16,H,775.0,H12,H,605.0,H14,H,560.0,H16,H,10.0,W,10.0,W,-10.0,L,10.0,W
421,6,8,18,295.0,H8,H,765.0,77,P,595.0,H8,H,575.0,H21,BLACKJACK,0.0,P,-10.0,L,-10.0,L,15.0,W
422,4,11,21,285.0,H13,S,755.0,H20,S,585.0,H20,S,565.0,H16,S,-10.0,L,-10.0,L,-10.0,L,-10.0,L
423,4,8,18,275.0,H15,S,735.0,H11,D,575.0,H14,S,575.0,H20,S,-10.0,L,-20.0,L,-10.0,L,10.0,W
424,Q,19,19,265.0,AA,P,745.0,H13,H,565.0,H15,H,585.0,H20,S,-10.0,L,10.0,W,-10.0,L,10.0,W
425,J,16,22,275.0,H13,H,765.0,H9,H,585.0,H11,D,595.0,H18,S,10.0,W,20.0,W,20.0,W,10.0,W
426,K,13,18,285.0,H9,H,765.0,H18,S,575.0,H12,H,585.0,H17,S,10.0,W,0.0,P,-10.0,L,-10.0,L
427,J,14,25,275.0,H14,H,755.0,H9,H,585.0,55,S,575.0,H9,H,-10.0,L,-10.0,L,10.0,W,-10.0,L
428,Q,20,20,285.0,H15,H,745.0,H15,H,575.0,H6,H,590.0,H21,BLACKJACK,10.0,W,-10.0,L,-10.0,L,15.0,W
429,6,10,25,295.0,H16,S,755.0,H19,S,595.0,H11,D,600.0,H19,S,10.0,W,10.0,W,20.0,W,10.0,W
430,Q,13,20,285.0,H17,S,745.0,H13,H,595.0,H20,S,610.0,H15,H,-10.0,L,-10.0,L,0.0,P,10.0,W
431,K,17,17,275.0,44,H,755.0,H20,S,595.0,H5,H,620.0,H20,S,-10.0,L,10.0,W,0.0,P,10.0,W
432,3,13,23,290.0,H21,BLACKJACK,765.0,H12,H,605.0,H18,S,630.0,H14,S,15.0,W,10.0,W,10.0,W,10.0,W
433,3,11,21,280.0,H18,S,755.0,H7,H,595.0,JJ,S,620.0,H7,H,-10.0,L,-10.0,L,-10.0,L,-10.0,L
434,5,13,23,290.0,H8,H,765.0,H13,S,605.0,H12,S,630.0,H16,S,10.0,W,10.0,W,10.0,W,10.0,W
435,9,12,22,300.0,H18,S,755.0,H14,H,615.0,H8,H,620.0,H13,H,10.0,W,-10.0,L,10.0,W,-10.0,L
436,7,17,17,290.0,H13,H,770.0,H21,BLACKJACK,625.0,H8,H,620.0,H17,S,-10.0,L,15.0,W,10.0,W,0.0,P
437,7,10,20,280.0,H15,H,760.0,99,S,615.0,H18,S,620.0,H10,D,-10.0,L,-10.0,L,-10.0,L,0.0,P
438,9,14,25,290.0,QQ,S,770.0,H20,S,635.0,H11,D,630.0,H19,S,10.0,W,10.0,W,20.0,W,10.0,W
439,4,11,21,280.0,H20,S,760.0,99,P,615.0,H11,D,630.0,H11,D,-10.0,L,-10.0,L,-20.0,L,0.0,P
440,9,18,18,290.0,H20,S,770.0,H12,H,625.0,H12,H,630.0,H15,H,10.0,W,10.0,W,10.0,W,0.0,P
441,J,20,20,290.0,QQ,S,760.0,H14,H,615.0,H13,H,620.0,H15,H,0.0,P,-10.0,L,-10.0,L,-10.0,L
442,7,15,26,310.0,H10,D,750.0,H13,H,625.0,H14,H,630.0,H18,S,20.0,W,-10.0,L,10.0,W,10.0,W
443,K,18,18,300.0,H17,S,740.0,H15,H,615.0,H8,H,630.0,H18,S,-10.0,L,-10.0,L,-10.0,L,0.0,P
444,T,16,26,320.0,H11,D,750.0,H20,S,625.0,TT,S,620.0,H14,H,20.0,W,10.0,W,10.0,W,-10.0,L
445,7,12,23,330.0,H8,H,765.0,H21,BLACKJACK,615.0,H12,H,640.0,H10,D,10.0,W,15.0,W,-10.0,L,20.0,W
446,4,15,18,350.0,H10,D,785.0,H9,D,605.0,H13,S,620.0,55,D,20.0,W,20.0,W,-10.0,L,-20.0,L
447,8,16,22,360.0,H7,H,795.0,H8,H,615.0,H18,S,610.0,H15,H,10.0,W,10.0,W,10.0,W,-10.0,L
448,3,13,24,350.0,H12,H,805.0,H13,S,625.0,QQ,S,620.0,H19,S,-10.0,L,10.0,W,10.0,W,10.0,W
449,2,9,24,360.0,H14,S,815.0,H13,S,645.0,H11,D,630.0,H19,S,10.0,W,10.0,W,20.0,W,10.0,W
450,6,8,18,350.0,H14,S,825.0,H20,S,660.0,H21,BLACKJACK,620.0,H17,S,-10.0,L,10.0,W,15.0,W,-10.0,L
451,A,18,18,340.0,H17,S,815.0,H14,H,650.0,H17,S,610.0,H17,S,-10.0,L,-10.0,L,-10.0,L,-10.0,L
452,K,20,20,340.0,H20,S,805.0,H19,S,650.0,77,H,600.0,H10,H,0.0,P,-10.0,L,0.0,P,-10.0,L
453,9,14,18,350.0,H14,H,815.0,H19,S,640.0,H15,H,590.0,H17,S,10.0,W,10.0,W,-10.0,L,-10.0,L
454,J,12,21,340.0,H13,H,795.0,H11,D,630.0,H13,H,580.0,H14,H,-10.0,L,-20.0,L,-10.0,L,-10.0,L
455,3,9,24,350.0,H18,S,805.0,H8,H,640.0,H18,S,590.0,99,P,10.0,W,10.0,W,10.0,W,10.0,W
456,J,17,17,340.0,H7,H,795.0,H14,H,650.0,KK,S,600.0,H12,H,-10.0,L,-10.0,L,10.0,W,10.0,W
457,K,18,18,350.0,H20,S,795.0,H10,H,640.0,H14,H,590.0,H10,H,10.0,W,0.0,P,-10.0,L,-10.0,L
458,4,8,19,340.0,H12,S,785.0,H14,S,640.0,H19,S,580.0,H18,S,-10.0,L,-10.0,L,0.0,P,-10.0,L
459,J,18,18,350.0,H19,S,785.0,H12,H,630.0,H13,H,580.0,H12,H,10.0,W,0.0,P,-10.0,L,0.0,P
460,2,13,19,340.0,H14,S,775.0,H8,H,620.0,H5,H,570.0,H17,S,-10.0,L,-10.0,L,-10.0,L,-10.0,L
461,9,12,22,330.0,H15,H,785.0,H13,H,610.0,H13,H,590.0,H10,D,-10.0,L,10.0,W,-10.0,L,20.0,W
462,9,18,18,310.0,H10,D,785.0,H12,H,610.0,H18,S,580.0,H14,H,-20.0,L,0.0,P,0.0,P,-10.0,L
463,3,6,22,320.0,H17,S,795.0,H20,S,620.0,H19,S,590.0,H16,S,10.0,W,10.0,W,10.0,W,10.0,W
464,A,21,,310.0,H15,,785.0,H18,,610.0,H19,,580.0,JJ,,-10.0,L,-10.0,L,-10.0,L,-10.0,L
465,9,15,26,320.0,AA,P,795.0,H19,S,600.0,H13,H,590.0,QQ,S,10.0,W,10.0,W,-10.0,L,10.0,W
466,6,12,23,330.0,H13,S,805.0,H13,S,610.0,H17,S,605.0,H21,BLACKJACK,10.0,W,10.0,W,10.0,W,15.0,W
467,2,6,22,340.0,H8,H,815.0,H17,S,630.0,H10,D,615.0,H15,S,10.0,W,10.0,W,20.0,W,10.0,W
468,A,15,20,340.0,H20,S,805.0,H16,H,620.0,H13,H,615.0,H12,H,0.0,P,-10.0,L,-10.0,L,0.0,P
469,8,18,18,360.0,H11,D,795.0,H16,H,630.0,H20,S,625.0,H20,S,20.0,W,-10.0,L,10.0,W,10.0,W
470,3,9,23,370.0,H17,S,815.0,H11,D,640.0,H14,S,640.0,H21,BLACKJACK,10.0,W,20.0,W,10.0,W,15.0,W
471,4,8,25,380.0,88,P,825.0,H15,S,650.0,H19,S,650.0,77,P,10.0,W,10.0,W,10.0,W,10.0,W
472,9,18,18,370.0,H13,H,835.0,H20,S,670.0,H11,D,640.0,H7,H,-10.0,L,10.0,W,20.0,W,-10.0,L
473,5,15,25,380.0,H6,H,855.0,H9,D,680.0,H20,S,650.0,H16,S,10.0,W,20.0,W,10.0,W,10.0,W
474,8,18,18,390.0,H19,S,865.0,H19,S,680.0,H5,H,640.0,H17,S,10.0,W,10.0,W,0.0,P,-10.0,L
475,5,10,21,380.0,H13,S,865.0,H11,D,670.0,H16,S,620.0,H10,D,-10.0,L,0.0,P,-10.0,L,-20.0,L
476,A,21,,370.0,H11,,855.0,H16,,660.0,H12,,610.0,77,,-10.0,L,-10.0,L,-10.0,L,-10.0,L
477,6,16,21,360.0,H15,S,845.0,H12,S,650.0,H14,S,600.0,77,P,-10.0,L,-10.0,L,-10.0,L,-10.0,L
478,T,12,19,350.0,33,H,835.0,H18,S,640.0,H12,H,590.0,H17,S,-10.0,L,-10.0,L,-10.0,L,-10.0,L
479,6,14,18,340.0,H13,S,825.0,H13,S,640.0,H18,S,580.0,H14,S,-10.0,L,-10.0,L,0.0,P,-10.0,L
480,5,11,18,350.0,H20,S,815.0,H16,S,630.0,H13,S,590.0,H20,S,10.0,W,-10.0,L,-10.0,L,10.0,W
481,K,15,20,340.0,H7,H,805.0,H18,S,630.0,H20,S,580.0,H14,H,-10.0,L,-10.0,L,0.0,P,-10.0,L
482,A,21,,330.0,H6,,795.0,88,,620.0,H15,,570.0,H13,,-10.0,L,-10.0,L,-10.0,L,-10.0,L
483,9,11,21,320.0,H20,S,785.0,H19,S,600.0,H10,D,560.0,QQ,S,-10.0,L,-10.0,L,-20.0,L,-10.0,L
484,7,14,22,330.0,H19,S,775.0,H12,H,590.0,H14,H,580.0,H11,D,10.0,W,-10.0,L,-10.0,L,20.0,W
485,Q,20,20,320.0,H12,H,765.0,H12,H,580.0,H14,H,570.0,H14,H,-10.0,L,-10.0,L,-10.0,L,-10.0,L
486,2,8,17,320.0,H17,S,775.0,H9,H,580.0,H17,S,560.0,H16,S,0.0,P,10.0,W,0.0,P,-10.0,L
487,J,20,20,335.0,H21,BLACKJACK,765.0,H12,H,570.0,H13,H,560.0,H20,S,15.0,W,-10.0,L,-10.0,L,0.0,P
488,Q,12,17,325.0,H6,H,755.0,H5,H,590.0,H11,D,550.0,H13,H,-10.0,L,-10.0,L,20.0,W,-10.0,L
489,9,19,19,335.0,H14,H,745.0,H16,H,580.0,H18,S,540.0,H16,H,10.0,W,-10.0,L,-10.0,L,-10.0,L
490,3,8,19,355.0,H11,D,745.0,H19,S,590.0,H20,S,540.0,H19,S,20.0,W,0.0,P,10.0,W,0.0,P
491,T,21,,345.0,H15,,735.0,H10,,580.0,H12,,530.0,H16,,-10.0,L,-10.0,L,-10.0,L,-10.0,L
492,K,13,23,335.0,H12,H,745.0,H8,H,590.0,H19,S,540.0,H15,H,-10.0,L,10.0,W,10.0,W,10.0,W
493,5,15,21,325.0,H20,S,735.0,H14,S,605.0,H21,BLACKJACK,520.0,H10,D,-10.0,L,-10.0,L,15.0,W,-20.0,L
494,2,4,23,345.0,H11,D,745.0,77,P,615.0,H20,S,530.0,H15,S,20.0,W,10.0,W,10.0,W,10.0,W
495,J,15,19,335.0,H18,S,735.0,H14,H,605.0,H15,H,530.0,H19,S,-10.0,L,-10.0,L,-10.0,L,0.0,P
496,8,19,19,325.0,H9,H,725.0,H12,H,595.0,H17,S,520.0,H15,H,-10.0,L,-10.0,L,-10.0,L,-10.0,L
497,T,16,26,335.0,33,H,735.0,H14,H,605.0,H10,H,510.0,44,H,10.0,W,10.0,W,10.0,W,-10.0,L
498,Q,14,24,345.0,H18,S,745.0,H20,S,625.0,H11,D,520.0,88,P,10.0,W,10.0,W,20.0,W,10.0,W
499,7,17,17,335.0,H16,H,745.0,H13,H,635.0,H19,S,530.0,H19,S,-10.0,L,0.0,P,10.0,W,10.0,W
500,8,17,17,345.0,H19,S,755.0,H12,H,635.0,H12,H,540.0,H15,H,10.0,W,10.0,W,0.0,P,10.0,W
501,8,18,18,335.0,H13,H,745.0,H15,H,645.0,JJ,S,530.0,H17,S,-10.0,L,-10.0,L,10.0,W,-10.0,L
502,4,7,17,345.0,H19,S,745.0,H7,H,660.0,H21,BLACKJACK,540.0,H20,S,10.0,W,0.0,P,15.0,W,10.0,W
503,9,13,24,335.0,H9,H,755.0,H20,S,650.0,H14,H,550.0,H17,S,-10.0,L,10.0,W,-10.0,L,10.0,W
504,4,9,19,325.0,H8,H,770.0,H21,BLACKJACK,640.0,H14,S,540.0,99,P,-10.0,L,15.0,W,-10.0,L,-10.0,L
505,2,12,22,335.0,H9,H,780.0,H14,S,650.0,H16,S,550.0,H19,S,10.0,W,10.0,W,10.0,W,10.0,W
506,J,21,,325.0,44,,770.0,H7,,640.0,H11,,540.0,H16,,-10.0,L,-10.0,L,-10.0,L,-10.0,L
507,8,17,17,335.0,H8,H,780.0,H12,H,640.0,H17,S,530.0,H14,H,10.0,W,10.0,W,0.0,P,-10.0,L
508,Q,14,24,345.0,H13,H,790.0,66,S,630.0,H16,H,550.0,H9,H,10.0,W,10.0,W,-10.0,L,20.0,W
509,Q,19,19,335.0,H17,S,780.0,H16,H,645.0,H21,BLACKJACK,550.0,H15,H,-10.0,L,-10.0,L,15.0,W,0.0,P
510,A,19,19,350.0,H21,BLACKJACK,780.0,H11,H,655.0,H14,H,565.0,H21,BLACKJACK,15.0,W,0.0,P,10.0,W,15.0,W
511,Q,18,18,360.0,H19,S,770.0,55,S,665.0,TT,S,575.0,H20,S,10.0,W,-10.0,L,10.0,W,10.0,W
512,A,19,19,350.0,H18,S,780.0,H20,S,675.0,H11,H,575.0,H13,H,-10.0,L,10.0,W,10.0,W,0.0,P
513,5,12,22,370.0,H9,D,800.0,H9,D,685.0,H13,S,585.0,33,P,20.0,W,20.0,W,10.0,W,10.0,W
514,A,13,21,370.0,H10,H,790.0,H6,H,675.0,H19,S,600.0,H21,BLACKJACK,0.0,P,-10.0,L,-10.0,L,15.0,W
515,2,6,19,360.0,H13,S,810.0,H10,D,665.0,H13,S,590.0,H16,S,-10.0,L,20.0,W,-10.0,L,-10.0,L
516,T,17,17,350.0,H16,H,820.0,H20,S,655.0,H14,H,590.0,H14,H,-10.0,L,10.0,W,-10.0,L,0.0,P
517,3,13,19,340.0,H13,S,810.0,H15,S,645.0,H14,S,600.0,H20,S,-10.0,L,-10.0,L,-10.0,L,10.0,W
518,2,12,18,350.0,JJ,S,800.0,H8,H,635.0,H15,S,600.0,H18,S,10.0,W,-10.0,L,-10.0,L,0.0,P
519,7,11,21,340.0,TT,S,790.0,H17,S,625.0,H17,S,600.0,H15,H,-10.0,L,-10.0,L,-10.0,L,0.0,P
520,K,21,,330.0,H9,,780.0,H15,,615.0,TT,,590.0,H13,,-10.0,L,-10.0,L,-10.0,L,-10.0,L
521,8,13,19,345.0,H21,BLACKJACK,770.0,H18,S,595.0,55,D,600.0,H20,S,15.0,W,-10.0,L,-20.0,L,10.0,W
522,9,12,25,335.0,H16,H,760.0,H16,H,605.0,H17,S,590.0,H13,H,-10.0,L,-10.0,L,10.0,W,-10.0,L
523,3,13,20,325.0,H18,S,750.0,H13,S,595.0,H17,S,580.0,H13,S,-10.0,L,-10.0,L,-10.0,L,-10.0,L
524,6,9,22,335.0,H16,S,760.0,AA,P,605.0,H18,S,600.0,H11,D,10.0,W,10.0,W,10.0,W,20.0,W
525,4,7,17,345.0,JJ,S,760.0,H7,H,625.0,H9,D,610.0,H19,S,10.0,W,0.0,P,20.0,W,10.0,W
526,8,18,18,365.0,H10,D,770.0,H20,S,625.0,H12,H,620.0,H12,H,20.0,W,10.0,W,0.0,P,10.0,W
527,2,6,23,375.0,H20,S,760.0,H12,H,635.0,H14,S,640.0,H11,D,10.0,W,-10.0,L,10.0,W,20.0,W
528,4,11,18,365.0,H13,S,760.0,H18,S,625.0,H12,S,630.0,H16,S,-10.0,L,0.0,P,-10.0,L,-10.0,L
529,2,12,19,355.0,H15,S,780.0,H10,D,615.0,H16,S,620.0,H16,S,-10.0,L,20.0,W,-10.0,L,-10.0,L
530,5,14,18,345.0,H14,S,770.0,H12,S,605.0,H14,S,610.0,H17,S,-10.0,L,-10.0,L,-10.0,L,-10.0,L
531,T,19,19,335.0,H15,H,780.0,H15,H,605.0,H15,H,610.0,H16,H,-10.0,L,10.0,W,0.0,P,0.0,P
532,6,16,26,345.0,H14,S,790.0,H14,S,615.0,H13,S,620.0,H14,S,10.0,W,10.0,W,10.0,W,10.0,W
533,8,11,21,335.0,H14,H,780.0,44,H,605.0,KK,S,610.0,H12,H,-10.0,L,-10.0,L,-10.0,L,-10.0,L
534,3,9,26,355.0,H9,D,790.0,H8,H,615.0,H17,S,620.0,AA,P,20.0,W,10.0,W,10.0,W,10.0,W
535,T,20,20,345.0,H15,H,780.0,H5,H,605.0,H14,H,610.0,H19,S,-10.0,L,-10.0,L,-10.0,L,-10.0,L
536,6,16,24,355.0,H16,S,790.0,H15,S,625.0,H9,D,630.0,H8,H,10.0,W,10.0,W,20.0,W,20.0,W
537,8,14,24,365.0,H20,S,800.0,H13,H,635.0,H8,H,640.0,H16,H,10.0,W,10.0,W,10.0,W,10.0,W
538,J,19,19,355.0,H18,S,790.0,H13,H,625.0,H13,H,630.0,H12,H,-10.0,L,-10.0,L,-10.0,L,-10.0,L
539,T,13,25,365.0,77,H,800.0,H8,H,635.0,H14,H,645.0,H21,BLACKJACK,10.0,W,10.0,W,10.0,W,15.0,W
540,8,11,21,365.0,H16,H,790.0,H20,S,625.0,H15,H,635.0,H17,S,0.0,P,-10.0,L,-10.0,L,-10.0,L
541,4,7,25,380.0,H21,BLACKJACK,800.0,H12,S,635.0,H12,S,645.0,H20,S,15.0,W,10.0,W,10.0,W,10.0,W
542,Q,21,,370.0,H16,,790.0,H7,,625.0,H10,,635.0,H11,,-10.0,L,-10.0,L,-10.0,L,-10.0,L
543,Q,20,20,360.0,H12,H,780.0,H8,H,615.0,H16,H,625.0,H13,H,-10.0,L,-10.0,L,-10.0,L,-10.0,L
544,A,18,18,370.0,H19,S,790.0,H13,H,615.0,H18,S,615.0,H17,S,10.0,W,10.0,W,0.0,P,-10.0,L
545,8,12,21,360.0,H17,S,780.0,H12,H,605.0,JJ,S,605.0,44,H,-10.0,L,-10.0,L,-10.0,L,-10.0,L
546,K,20,20,350.0,AA,P,770.0,H13,H,595.0,H13,H,595.0,H12,H,-10.0,L,-10.0,L,-10.0,L,-10.0,L
547,7,11,18,340.0,H13,H,770.0,H15,H,585.0,H17,S,605.0,H20,S,-10.0,L,0.0,P,-10.0,L,10.0,W
548,4,7,26,350.0,H12,S,790.0,H9,D,595.0,66,P,615.0,H18,S,10.0,W,20.0,W,10.0,W,10.0,W
549,4,15,19,340.0,H15,S,780.0,H14,S,585.0,H16,S,605.0,H13,S,-10.0,L,-10.0,L,-10.0,L,-10.0,L
550,5,7,17,350.0,H18,S,770.0,H13,S,605.0,H10,D,595.0,H13,S,10.0,W,-10.0,L,20.0,W,-10.0,L
551,A,18,18,340.0,H7,H,760.0,H13,H,595.0,H11,H,585.0,H11,H,-10.0,L,-10.0,L,-10.0,L,-10.0,L
552,4,14,24,350.0,H20,S,770.0,77,P,605.0,H6,H,595.0,H15,S,10.0,W,10.0,W,10.0,W,10.0,W
553,K,21,,340.0,H7,,760.0,JJ,,595.0,JJ,,585.0,H16,,-10.0,L,-10.0,L,-10.0,L,-10.0,L
554,5,16,26,355.0,H21,BLACKJACK,770.0,H19,S,605.0,H12,S,595.0,H13,S,15.0,W,10.0,W,10.0,W,10.0,W
555,A,14,17,365.0,H20,S,760.0,H13,H,615.0,H11,H,605.0,H6,H,10.0,W,-10.0,L,10.0,W,10.0,W
556,6,11,25,380.0,H21,BLACKJACK,770.0,H8,H,625.0,H12,S,615.0,H19,S,15.0,W,10.0,W,10.0,W,10.0,W
557,K,20,20,370.0,H18,S,760.0,H15,H,615.0,H13,H,605.0,55,S,-10.0,L,-10.0,L,-10.0,L,-10.0,L
558,5,15,25,390.0,H11,D,770.0,H19,S,625.0,H20,S,615.0,H17,S,20.0,W,10.0,W,10.0,W,10.0,W
559,6,8,19,380.0,H13,S,780.0,H20,S,625.0,H19,S,605.0,88,P,-10.0,L,10.0,W,0.0,P,-10.0,L
560,9,16,18,370.0,H12,H,790.0,KK,S,635.0,QQ,S,595.0,88,P,-10.0,L,10.0,W,10.0,W,-10.0,L
561,2,10,20,360.0,H17,S,810.0,H11,D,625.0,H8,H,585.0,H14,S,-10.0,L,20.0,W,-10.0,L,-10.0,L
562,K,20,20,350.0,H13,H,800.0,H19,S,615.0,H13,H,575.0,H19,S,-10.0,L,-10.0,L,-10.0,L,-10.0,L
563,8,18,18,340.0,H12,H,810.0,H19,S,615.0,H13,H,585.0,TT,S,-10.0,L,10.0,W,0.0,P,10.0,W
564,2,6,19,330.0,H9,H,800.0,H15,S,625.0,H20,S,595.0,H20,S,-10.0,L,-10.0,L,10.0,W,10.0,W
565,9,20,20,320.0,H13,H,790.0,H13,H,615.0,H19,S,585.0,H15,H,-10.0,L,-10.0,L,-10.0,L,-10.0,L
566,K,14,20,310.0,H18,S,780.0,H15,H,605.0,H18,S,575.0,H16,H,-10.0,L,-10.0,L,-10.0,L,-10.0,L
567,8,14,21,300.0,H18,S,770.0,H19,S,595.0,77,H,565.0,H18,S,-10.0,L,-10.0,L,-10.0,L,-10.0,L
568,4,10,20,280.0,H11,D,760.0,H13,S,595.0,H20,S,555.0,H17,S,-20.0,L,-10.0,L,0.0,P,-10.0,L
569,6,16,23,300.0,H10,D,770.0,H7,H,605.0,H18,S,565.0,H12,S,20.0,W,10.0,W,10.0,W,10.0,W
570,J,21,,290.0,H13,,760.0,H8,,595.0,H18,,555.0,H13,,-10.0,L,-10.0,L,-10.0,L,-10.0,L
571,T,18,18,280.0,H13,H,780.0,H11,D,585.0,H17,S,545.0,H13,H,-10.0,L,20.0,W,-10.0,L,-10.0,L
572,5,14,22,290.0,H20,S,790.0,H16,S,595.0,H14,S,555.0,H19,S,10.0,W,10.0,W,10.0,W,10.0,W
573,3,8,22,300.0,H16,S,810.0,H10,D,605.0,H14,S,565.0,H17,S,10.0,W,20.0,W,10.0,W,10.0,W
574,T,14,24,310.0,KK,S,800.0,H15,H,595.0,H16,H,555.0,H13,H,10.0,W,-10.0,L,-10.0,L,-10.0,L
575,Q,20,20,300.0,H17,S,790.0,H13,H,595.0,H10,H,545.0,H19,S,-10.0,L,-10.0,L,0.0,P,-10.0,L
576,8,17,17,290.0,H13,H,790.0,H9,H,605.0,H8,H,535.0,H5,H,-10.0,L,0.0,P,10.0,W,-10.0,L
577,2,4,21,280.0,H20,S,805.0,H21,BLACKJACK,595.0,H15,S,525.0,H13,S,-10.0,L,15.0,W,-10.0,L,-10.0,L
578,5,11,21,270.0,H8,H,795.0,JJ,S,585.0,H13,S,525.0,H11,D,-10.0,L,-10.0,L,-10.0,L,0.0,P
579,9,19,19,260.0,33,H,805.0,H20,S,575.0,H12,H,525.0,H12,H,-10.0,L,10.0,W,-10.0,L,0.0,P
580,K,20,20,250.0,H12,H,805.0,H16,H,575.0,TT,S,515.0,H18,S,-10.0,L,0.0,P,0.0,P,-10.0,L
581,6,8,19,240.0,H12,S,795.0,H15,S,565.0,H18,S,525.0,H20,S,-10.0,L,-10.0,L,-10.0,L,10.0,W
582,T,14,23,250.0,44,H,785.0,H15,H,585.0,H11,D,535.0,H14,H,10.0,W,-10.0,L,20.0,W,10.0,W
583,4,15,18,240.0,H16,S,775.0,H14,S,575.0,H7,H,525.0,H13,S,-10.0,L,-10.0,L,-10.0,L,-10.0,L
584,5,7,19,250.0,H20,S,765.0,H13,S,565.0,H17,S,535.0,H20,S,10.0,W,-10.0,L,-10.0,L,10.0,W
585,6,13,22,260.0,H15,S,775.0,H18,S,575.0,H16,S,545.0,H12,S,10.0,W,10.0,W,10.0,W,10.0,W
586,4,13,19,275.0,H21,BLACKJACK,765.0,H12,S,585.0,H20,S,535.0,H14,S,15.0,W,-10.0,L,10.0,W,-10.0,L
587,2,6,18,265.0,H13,S,765.0,H8,H,575.0,H16,S,535.0,H18,S,-10.0,L,0.0,P,-10.0,L,0.0,P
588,2,12,18,265.0,H18,S,775.0,H20,S,565.0,H17,S,525.0,H14,S,0.0,P,10.0,W,-10.0,L,-10.0,L
589,Q,12,24,275.0,H17,S,785.0,H14,H,580.0,H21,BLACKJACK,535.0,H13,H,10.0,W,10.0,W,15.0,W,10.0,W
590,K,15,21,275.0,H10,H,775.0,H10,H,570.0,H17,S,525.0,H15,H,0.0,P,-10.0,L,-10.0,L,-10.0,L
591,8,17,17,285.0,H20,S,790.0,H21,BLACKJACK,560.0,H16,H,535.0,H19,S,10.0,W,15.0,W,-10.0,L,10.0,W
592,A,21,,275.0,H14,,780.0,H19,,550.0,H17,,525.0,H9,,-10.0,L,-10.0,L,-10.0,L,-10.0,L
593,5,15,22,290.0,H21,BLACKJACK,790.0,H13,S,560.0,H15,S,545.0,H9,D,15.0,W,10.0,W,10.0,W,20.0,W
594,7,18,18,280.0,H13,H,780.0,H17,S,560.0,H18,S,565.0,H11,D,-10.0,L,-10.0,L,0.0,P,20.0,W
595,2,12,19,270.0,H14,S,770.0,H16,S,570.0,H20,S,545.0,H10,D,-10.0,L,-10.0,L,10.0,W,-20.0,L
596,8,18,18,280.0,H7,H,760.0,H5,H,580.0,H20,S,535.0,H7,H,10.0,W,-10.0,L,10.0,W,-10.0,L
597,T,20,20,270.0,AA,P,750.0,H18,S,570.0,H15,H,525.0,H18,S,-10.0,L,-10.0,L,-10.0,L,-10.0,L
598,7,15,20,260.0,H17,S,740.0,H19,S,560.0,H12,H,515.0,H16,H,-10.0,L,-10.0,L,-10.0,L,-10.0,L
599,4,14,17,250.0,H13,S,750.0,H19,S,560.0,H17,S,525.0,H19,S,-10.0,L,10.0,W,0.0,P,10.0,W
600,J,20,20,250.0,33,H,740.0,H12,H,550.0,H16,H,515.0,H8,H,0.0,P,-10.0,L,-10.0,L,-10.0,L
601,K,16,22,260.0,H20,S,750.0,H20,S,540.0,H14,H,525.0,H18,S,10.0,W,10.0,W,-10.0,L,10.0,W
602,9,14,20,260.0,H15,H,740.0,H15,H,520.0,H9,H,515.0,H14,H,0.0,P,-10.0,L,-20.0,L,-10.0,L
603,T,12,21,250.0,H19,S,730.0,JJ,S,510.0,H17,S,515.0,H6,H,-10.0,L,-10.0,L,-10.0,L,0.0,P
604,K,21,,240.0,H18,,720.0,H20,,500.0,H16,,505.0,H7,,-10.0,L,-10.0,L,-10.0,L,-10.0,L
605,2,5,26,260.0,H11,D,730.0,H14,S,490.0,H12,H,515.0,H13,S,20.0,W,10.0,W,-10.0,L,10.0,W
606,3,5,19,280.0,55,D,720.0,88,P,480.0,H15,S,505.0,77,P,20.0,W,-10.0,L,-10.0,L,-10.0,L
607,9,14,26,290.0,H12,H,730.0,H20,S,490.0,H14,H,515.0,H18,S,10.0,W,10.0,W,10.0,W,10.0,W
608,7,14,24,300.0,44,H,745.0,H21,BLACKJACK,505.0,H21,BLACKJACK,505.0,H12,H,10.0,W,15.0,W,15.0,W,-10.0,L
609,6,16,26,310.0,H15,S,755.0,H20,S,515.0,H6,H,515.0,H7,H,10.0,W,10.0,W,10.0,W,10.0,W
610,J,20,20,300.0,H13,H,765.0,H14,H,515.0,H20,S,505.0,H14,H,-10.0,L,10.0,W,0.0,P,-10.0,L
611,2,4,23,310.0,H8,H,775.0,H12,H,525.0,H15,S,515.0,H16,S,10.0,W,10.0,W,10.0,W,10.0,W
612,Q,20,20,310.0,H12,H,775.0,H14,H,525.0,H20,S,530.0,H21,BLACKJACK,0.0,P,0.0,P,0.0,P,15.0,W
613,2,9,18,300.0,H15,S,755.0,H10,D,515.0,H15,S,520.0,H13,S,-10.0,L,-20.0,L,-10.0,L,-10.0,L
614,8,17,17,310.0,H8,H,765.0,H20,S,525.0,H14,H,535.0,H21,BLACKJACK,10.0,W,10.0,W,10.0,W,15.0,W
615,7,12,19,300.0,H17,S,755.0,H18,S,515.0,H13,H,525.0,H16,H,-10.0,L,-10.0,L,-10.0,L,-10.0,L
616,A,20,20,290.0,H14,H,755.0,H20,S,525.0,H13,H,515.0,H7,H,-10.0,L,0.0,P,10.0,W,-10.0,L
617,T,13,23,300.0,H15,H,765.0,H10,H,515.0,77,H,505.0,H14,H,10.0,W,10.0,W,-10.0,L,-10.0,L
618,5,15,24,310.0,H18,S,775.0,H17,S,525.0,H16,S,515.0,H20,S,10.0,W,10.0,W,10.0,W,10.0,W
619,A,21,,300.0,H18,,765.0,H8,,515.0,H9,,505.0,99,,-10.0,L,-10.0,L,-10.0,L,-10.0,L
620,6,16,19,290.0,H13,S,755.0,H13,S,505.0,H8,H,505.0,H11,D,-10.0,L,-10.0,L,-10.0,L,0.0,P
621,7,14,24,280.0,H14,H,745.0,H12,H,525.0,H6,H,525.0,H10,D,-10.0,L,-10.0,L,20.0,W,20.0,W
622,5,15,26,290.0,H18,S,755.0,H13,S,535.0,H8,H,535.0,33,P,10.0,W,10.0,W,10.0,W,10.0,W
623,5,15,25,300.0,H16,S,765.0,H12,S,545.0,H17,S,545.0,H20,S,10.0,W,10.0,W,10.0,W,10.0,W
624,T,19,19,290.0,H16,H,765.0,H9,H,535.0,H16,H,555.0,JJ,S,-10.0,L,0.0,P,-10.0,L,10.0,W
625,6,9,18,280.0,H15,S,775.0,H19,S,535.0,H18,S,545.0,H17,S,-10.0,L,10.0,W,0.0,P,-10.0,L
626,K,18,18,290.0,H19,S,775.0,H8,H,545.0,H20,S,555.0,H14,H,10.0,W,0.0,P,10.0,W,10.0,W
627,8,16,18,280.0,H15,H,765.0,H13,H,535.0,H5,H,565.0,H13,H,-10.0,L,-10.0,L,-10.0,L,10.0,W
628,J,20,20,270.0,H9,H,755.0,H6,H,545.0,H13,H,555.0,H12,H,-10.0,L,-10.0,L,10.0,W,-10.0,L
629,6,14,25,290.0,H8,H,765.0,H17,S,555.0,H14,S,575.0,H9,D,20.0,W,10.0,W,10.0,W,20.0,W
630,7,15,25,310.0,H11,D,775.0,H19,S,565.0,H19,S,585.0,H18,S,20.0,W,10.0,W,10.0,W,10.0,W
631,7,17,17,320.0,H18,S,785.0,H19,S,585.0,H11,D,575.0,H13,H,10.0,W,10.0,W,20.0,W,-10.0,L
632,5,7,18,310.0,H5,H,775.0,H15,S,585.0,H18,S,565.0,H16,S,-10.0,L,-10.0,L,0.0,P,-10.0,L
633,2,11,21,300.0,H20,S,765.0,H16,S,600.0,H21,BLACKJACK,555.0,H20,S,-10.0,L,-10.0,L,15.0,W,-10.0,L
634,K,20,20,300.0,H12,H,755.0,H15,H,600.0,H13,H,545.0,H5,H,0.0,P,-10.0,L,0.0,P,-10.0,L
635,5,11,18,310.0,H20,S,755.0,H18,S,590.0,H12,S,525.0,H9,D,10.0,W,0.0,P,-10.0,L,-20.0,L
636,6,8,18,300.0,H13,S,745.0,H14,S,580.0,H14,S,535.0,H19,S,-10.0,L,-10.0,L,-10.0,L,10.0,W
637,5,15,18,290.0,H13,S,745.0,H18,S,590.0,H20,S,525.0,H14,S,-10.0,L,0.0,P,10.0,W,-10.0,L
638,K,17,17,290.0,H17,S,755.0,H20,S,600.0,H8,H,535.0,JJ,S,0.0,P,10.0,W,10.0,W,10.0,W
639,6,17,17,270.0,H11,D,775.0,H11,D,580.0,H10,D,535.0,H17,S,-20.0,L,20.0,W,-20.0,L,0.0,P
640,5,12,23,280.0,H20,S,785.0,H12,S,600.0,H5,H,545.0,H13,S,10.0,W,10.0,W,20.0,W,10.0,W
641,J,19,19,280.0,H10,H,775.0,H17,S,610.0,H20,S,535.0,88,P,0.0,P,-10.0,L,10.0,W,-10.0,L
642,7,14,24,270.0,H16,H,785.0,77,P,620.0,H12,H,545.0,H17,S,-10.0,L,10.0,W,10.0,W,10.0,W
643,4,9,18,290.0,H9,D,775.0,H15,S,610.0,H13,S,525.0,H10,D,20.0,W,-10.0,L,-10.0,L,-20.0,L
644,6,16,20,280.0,H17,S,765.0,AA,P,610.0,H10,D,515.0,H7,H,-10.0,L,-10.0,L,0.0,P,-10.0,L
645,5,10,18,260.0,H10,D,775.0,H20,S,620.0,TT,S,505.0,H17,S,-20.0,L,10.0,W,10.0,W,-10.0,L
646,2,12,18,250.0,H13,S,785.0,H12,H,610.0,H15,S,495.0,H13,S,-10.0,L,10.0,W,-10.0,L,-10.0,L
647,6,15,19,240.0,H17,S,775.0,H12,S,625.0,H21,BLACKJACK,515.0,H8,H,-10.0,L,-10.0,L,15.0,W,20.0,W
648,3,5,20,230.0,H19,S,790.0,H21,BLACKJACK,605.0,H11,D,515.0,JJ,S,-10.0,L,15.0,W,-20.0,L,0.0,P
649,T,20,20,220.0,H19,S,790.0,H20,S,595.0,H16,H,505.0,H19,S,-10.0,L,0.0,P,-10.0,L,-10.0,L
650,T,18,18,210.0,H5,H,790.0,H18,S,605.0,H20,S,515.0,H20,S,-10.0,L,0.0,P,10.0,W,10.0,W
651,4,15,18,220.0,H19,S,780.0,H12,S,625.0,H9,D,505.0,H15,S,10.0,W,-10.0,L,20.0,W,-10.0,L
652,T,14,25,230.0,H14,H,770.0,H12,H,635.0,H13,H,515.0,H18,S,10.0,W,-10.0,L,10.0,W,10.0,W
653,8,18,18,220.0,H17,S,780.0,H15,H,625.0,H14,H,515.0,H11,D,-10.0,L,10.0,W,-10.0,L,0.0,P
654,Q,20,20,210.0,H9,H,780.0,H20,S,615.0,H8,H,505.0,99,S,-10.0,L,0.0,P,-10.0,L,-10.0,L
655,J,20,20,200.0,H10,H,770.0,H17,S,615.0,QQ,S,495.0,H18,S,-10.0,L,-10.0,L,0.0,P,-10.0,L
656,2,12,22,210.0,H20,S,780.0,H19,S,635.0,H11,D,505.0,H19,S,10.0,W,10.0,W,20.0,W,10.0,W
657,6,16,17,230.0,H11,D,790.0,H19,S,655.0,H11,D,525.0,H10,D,20.0,W,10.0,W,20.0,W,20.0,W
658,8,18,18,240.0,44,H,790.0,H18,S,645.0,H13,H,525.0,H14,H,10.0,W,0.0,P,-10.0,L,0.0,P
659,6,16,19,220.0,H6,H,810.0,H11,D,625.0,H10,D,515.0,H17,S,-20.0,L,20.0,W,-20.0,L,-10.0,L
660,9,19,19,200.0,H11,D,810.0,H9,H,625.0,H14,H,525.0,H20,S,-20.0,L,0.0,P,0.0,P,10.0,W
661,2,9,25,220.0,H11,D,820.0,H8,H,635.0,H16,S,540.0,H21,BLACKJACK,20.0,W,10.0,W,10.0,W,15.0,W
662,T,20,20,220.0,TT,S,810.0,H7,H,625.0,H14,H,530.0,H18,S,0.0,P,-10.0,L,-10.0,L,-10.0,L
663,A,21,,210.0,H16,,800.0,QQ,,615.0,H13,,520.0,H14,,-10.0,L,-10.0,L,-10.0,L,-10.0,L
664,J,15,26,220.0,H17,S,810.0,H12,H,605.0,H12,H,535.0,H21,BLACKJACK,10.0,W,10.0,W,-10.0,L,15.0,W
665,T,13,19,235.0,H21,BLACKJACK,800.0,88,P,595.0,H13,H,545.0,H16,H,15.0,W,-10.0,L,-10.0,L,10.0,W
666,8,14,17,255.0,H10,D,815.0,H21,BLACKJACK,575.0,H10,D,555.0,H13,H,20.0,W,15.0,W,-20.0,L,10.0,W
667,J,15,24,275.0,H11,D,830.0,H21,BLACKJACK,565.0,H12,H,565.0,H17,S,20.0,W,15.0,W,-10.0,L,10.0,W
668,J,18,18,290.0,H21,BLACKJACK,820.0,H17,S,575.0,H19,S,565.0,H8,H,15.0,W,-10.0,L,10.0,W,0.0,P
669,2,11,21,280.0,H9,H,800.0,H11,D,565.0,H18,S,545.0,H5,H,-10.0,L,-20.0,L,-10.0,L,-20.0,L
670,9,14,24,290.0,H15,H,815.0,H21,BLACKJACK,580.0,H21,BLACKJACK,555.0,H17,S,10.0,W,15.0,W,15.0,W,10.0,W
671,T,21,,280.0,H14,,805.0,H15,,570.0,H14,,545.0,KK,,-10.0,L,-10.0,L,-10.0,L,-10.0,L
672,4,14,22,290.0,H13,S,815.0,H18,S,580.0,H15,S,565.0,H11,D,10.0,W,10.0,W,10.0,W,20.0,W
673,5,11,21,280.0,H18,S,805.0,KK,S,570.0,H16,S,555.0,H20,S,-10.0,L,-10.0,L,-10.0,L,-10.0,L
674,2,12,22,290.0,H7,H,815.0,H16,S,580.0,H13,S,565.0,H16,S,10.0,W,10.0,W,10.0,W,10.0,W
675,4,8,18,310.0,H11,D,805.0,H12,S,570.0,H12,S,555.0,H16,S,20.0,W,-10.0,L,-10.0,L,-10.0,L
676,5,11,21,300.0,H15,S,795.0,H17,S,560.0,H12,S,545.0,H20,S,-10.0,L,-10.0,L,-10.0,L,-10.0,L
677,3,13,20,280.0,H11,D,785.0,H15,S,550.0,H16,S,535.0,H17,S,-20.0,L,-10.0,L,-10.0,L,-10.0,L
678,A,21,,270.0,H12,,775.0,H7,,540.0,H7,,525.0,H12,,-10.0,L,-10.0,L,-10.0,L,-10.0,L
679,7,9,17,280.0,H20,S,785.0,H8,H,560.0,H11,D,505.0,H10,D,10.0,W,10.0,W,20.0,W,-20.0,L
680,3,12,22,300.0,H11,D,805.0,H10,D,570.0,H13,S,525.0,H11,D,20.0,W,20.0,W,10.0,W,20.0,W
681,9,15,17,310.0,H9,H,795.0,H14,H,590.0,H11,D,535.0,H16,H,10.0,W,-10.0,L,20.0,W,10.0,W
682,K,21,,300.0,H15,,785.0,H13,,580.0,H18,,525.0,H19,,-10.0,L,-10.0,L,-10.0,L,-10.0,L
683,K,12,23,320.0,H11,D,795.0,H20,S,590.0,55,S,515.0,H15,H,20.0,W,10.0,W,10.0,W,-10.0,L
684,3,14,17,310.0,H16,S,785.0,H15,S,580.0,H15,S,505.0,H15,S,-10.0,L,-10.0,L,-10.0,L,-10.0,L
685,9,19,19,320.0,KK,S,775.0,22,H,570.0,H17,S,495.0,H17,S,10.0,W,-10.0,L,-10.0,L,-10.0,L
686,4,14,23,330.0,H16,S,785.0,H13,S,590.0,H11,D,505.0,H12,S,10.0,W,10.0,W,20.0,W,10.0,W
687,2,12,22,340.0,H18,S,795.0,H12,H,600.0,H17,S,515.0,H18,S,10.0,W,10.0,W,10.0,W,10.0,W
688,Q,16,20,330.0,H18,S,785.0,H17,S,600.0,H20,S,505.0,H14,H,-10.0,L,-10.0,L,0.0,P,-10.0,L
689,4,14,22,340.0,JJ,S,795.0,H20,S,610.0,H15,S,515.0,H14,S,10.0,W,10.0,W,10.0,W,10.0,W
690,2,10,20,330.0,H17,S,785.0,H17,S,600.0,H16,S,505.0,H16,S,-10.0,L,-10.0,L,-10.0,L,-10.0,L
691,7,17,17,340.0,H18,S,775.0,H12,H,620.0,H10,D,495.0,H16,H,10.0,W,-10.0,L,20.0,W,-10.0,L
692,A,20,20,330.0,H19,S,765.0,33,H,610.0,55,S,485.0,H9,H,-10.0,L,-10.0,L,-10.0,L,-10.0,L
693,2,12,17,320.0,H13,S,785.0,H10,D,620.0,H20,S,475.0,H15,S,-10.0,L,20.0,W,10.0,W,-10.0,L
694,5,10,19,310.0,H13,S,775.0,H14,S,610.0,66,P,455.0,H10,D,-10.0,L,-10.0,L,-10.0,L,-20.0,L
695,4,7,18,330.0,H11,D,765.0,H16,S,620.0,QQ,S,435.0,H10,D,20.0,W,-10.0,L,10.0,W,-20.0,L
696,8,18,18,320.0,H15,H,775.0,JJ,S,610.0,H9,H,435.0,H9,H,-10.0,L,10.0,W,-10.0,L,0.0,P
697,Q,20,20,310.0,H19,S,765.0,H15,H,600.0,55,S,415.0,H11,D,-10.0,L,-10.0,L,-10.0,L,-20.0,L
698,J,21,,300.0,H9,,755.0,H16,,590.0,AA,,405.0,H14,,-10.0,L,-10.0,L,-10.0,L,-10.0,L
699,9,19,19,310.0,77,H,765.0,H20,S,600.0,H15,H,415.0,H20,S,10.0,W,10.0,W,10.0,W,10.0,W
700,J,15,23,300.0,H15,H,775.0,H17,S,590.0,H15,H,425.0,H16,H,-10.0,L,10.0,W,-10.0,L,10.0,W
701,8,13,26,310.0,H17,S,765.0,H16,H,600.0,H18,S,415.0,H14,H,10.0,W,-10.0,L,10.0,W,-10.0,L
702,4,13,23,320.0,H20,S,775.0,H20,S,610.0,H13,S,435.0,H9,D,10.0,W,10.0,W,10.0,W,20.0,W
703,5,14,24,330.0,77,P,790.0,H21,BLACKJACK,620.0,H14,S,445.0,H13,S,10.0,W,15.0,W,10.0,W,10.0,W
704,4,12,17,340.0,H20,S,790.0,H7,H,610.0,H14,S,460.0,H21,BLACKJACK,10.0,W,0.0,P,-10.0,L,15.0,W
705,2,12,22,350.0,H19,S,810.0,H10,D,620.0,H18,S,470.0,H18,S,10.0,W,20.0,W,10.0,W,10.0,W
706,6,9,25,370.0,H9,D,820.0,H8,H,630.0,H19,S,490.0,H10,D,20.0,W,10.0,W,10.0,W,20.0,W
707,2,6,22,380.0,H14,S,830.0,H13,S,640.0,H13,S,500.0,H18,S,10.0,W,10.0,W,10.0,W,10.0,W
708,4,7,18,380.0,H11,D,820.0,H16,S,630.0,H12,S,510.0,H19,S,0.0,P,-10.0,L,-10.0,L,10.0,W
709,J,19,19,390.0,H12,H,830.0,H20,S,620.0,H15,H,500.0,H13,H,10.0,W,10.0,W,-10.0,L,-10.0,L
710,2,4,23,400.0,H7,H,840.0,H15,S,610.0,H12,H,510.0,H16,S,10.0,W,10.0,W,-10.0,L,10.0,W
711,K,13,25,410.0,H10,H,830.0,H14,H,620.0,H19,S,500.0,H13,H,10.0,W,-10.0,L,10.0,W,-10.0,L
712,4,14,23,420.0,H8,H,840.0,H12,S,630.0,H13,S,520.0,H10,D,10.0,W,10.0,W,10.0,W,20.0,W
713,T,20,20,410.0,AA,P,830.0,H17,S,620.0,H12,H,510.0,H17,S,-10.0,L,-10.0,L,-10.0,L,-10.0,L
714,Q,21,,400.0,H8,,820.0,H14,,610.0,H15,,500.0,H12,,-10.0,L,-10.0,L,-10.0,L,-10.0,L
715,9,17,17,410.0,H7,H,830.0,H20,S,620.0,TT,S,490.0,77,H,10.0,W,10.0,W,10.0,W,-10.0,L
716,2,13,17,425.0,H21,BLACKJACK,840.0,H20,S,610.0,H6,H,480.0,H15,S,15.0,W,10.0,W,-10.0,L,-10.0,L
717,7,12,19,435.0,H20,S,830.0,H15,H,590.0,H10,D,470.0,H14,H,10.0,W,-10.0,L,-20.0,L,-10.0,L
718,9,19,19,445.0,H15,H,820.0,H12,H,580.0,H12,H,450.0,H11,D,10.0,W,-10.0,L,-10.0,L,-20.0,L
719,7,13,22,435.0,H5,H,810.0,H13,H,590.0,H13,H,470.0,55,D,-10.0,L,-10.0,L,10.0,W,20.0,W
720,J,20,20,450.0,H21,BLACKJACK,800.0,H18,S,600.0,H7,H,460.0,H19,S,15.0,W,-10.0,L,10.0,W,-10.0,L
721,3,12,19,460.0,H20,S,790.0,H7,H,600.0,H9,D,470.0,H20,S,10.0,W,-10.0,L,0.0,P,10.0,W
722,Q,15,18,470.0,H20,S,780.0,H17,S,590.0,H13,H,460.0,H7,H,10.0,W,-10.0,L,-10.0,L,-10.0,L
723,7,11,21,460.0,H15,H,770.0,H9,H,580.0,H20,S,450.0,H16,H,-10.0,L,-10.0,L,-10.0,L,-10.0,L
724,2,7,17,470.0,H20,S,760.0,H15,S,570.0,H15,S,450.0,H17,S,10.0,W,-10.0,L,-10.0,L,0.0,P
725,8,18,18,460.0,H17,S,760.0,H18,S,560.0,H12,H,460.0,H15,H,-10.0,L,0.0,P,-10.0,L,10.0,W
726,K,14,22,450.0,H13,H,770.0,H20,S,570.0,H20,S,470.0,H18,S,-10.0,L,10.0,W,10.0,W,10.0,W
727,3,12,19,430.0,H11,D,770.0,H12,H,580.0,KK,S,460.0,H17,S,-20.0,L,0.0,P,10.0,W,-10.0,L
728,Q,16,26,440.0,H19,S,790.0,H5,H,600.0,H11,D,450.0,H12,H,10.0,W,20.0,W,20.0,W,-10.0,L
729,8,11,22,430.0,77,H,800.0,H7,H,590.0,H15,H,460.0,H18,S,-10.0,L,10.0,W,-10.0,L,10.0,W
730,8,19,19,440.0,JJ,S,790.0,H13,H,590.0,H19,S,470.0,H20,S,10.0,W,-10.0,L,0.0,P,10.0,W
731,7,16,26,430.0,H13,H,810.0,H10,D,600.0,H18,S,480.0,H18,S,-10.0,L,20.0,W,10.0,W,10.0,W
732,5,15,25,440.0,H20,S,820.0,H13,S,610.0,H19,S,490.0,TT,S,10.0,W,10.0,W,10.0,W,10.0,W
733,Q,12,17,450.0,H16,H,830.0,H19,S,625.0,H21,BLACKJACK,500.0,H14,H,10.0,W,10.0,W,15.0,W,10.0,W
734,J,21,,440.0,H12,,820.0,H17,,615.0,H12,,490.0,H14,,-10.0,L,-10.0,L,-10.0,L,-10.0,L
735,T,15,20,440.0,H20,S,810.0,H5,H,615.0,JJ,S,505.0,H21,BLACKJACK,0.0,P,-10.0,L,0.0,P,15.0,W
736,K,17,17,450.0,H20,S,820.0,H12,H,605.0,H14,H,515.0,H12,H,10.0,W,10.0,W,-10.0,L,10.0,W
737,K,14,24,465.0,H21,BLACKJACK,830.0,H9,H,615.0,H12,H,525.0,H18,S,15.0,W,10.0,W,10.0,W,10.0,W
738,8,19,19,465.0,H14,H,820.0,H13,H,605.0,H14,H,515.0,H17,S,0.0,P,-10.0,L,-10.0,L,-10.0,L
739,5,15,23,475.0,H13,S,830.0,H14,S,615.0,H13,S,525.0,H12,S,10.0,W,10.0,W,10.0,W,10.0,W
740,3,11,17,490.0,H21,BLACKJACK,820.0,H12,H,605.0,H14,S,540.0,H21,BLACKJACK,15.0,W,-10.0,L,-10.0,L,15.0,W
741,T,13,21,480.0,H20,S,820.0,H16,H,595.0,H19,S,530.0,77,H,-10.0,L,0.0,P,-10.0,L,-10.0,L
742,3,13,24,500.0,H10,D,830.0,44,H,605.0,H19,S,540.0,H19,S,20.0,W,10.0,W,10.0,W,10.0,W
743,7,16,23,510.0,H8,H,820.0,H16,H,625.0,H10,D,550.0,H17,S,10.0,W,-10.0,L,20.0,W,10.0,W
744,K,13,23,520.0,H14,H,830.0,H20,S,635.0,H15,H,560.0,H13,H,10.0,W,10.0,W,10.0,W,10.0,W
745,5,15,21,510.0,H13,S,810.0,H11,D,625.0,H20,S,550.0,H12,S,-10.0,L,-20.0,L,-10.0,L,-10.0,L
746,8,17,17,530.0,H10,D,820.0,H14,H,635.0,H14,H,540.0,H16,H,20.0,W,10.0,W,10.0,W,-10.0,L
747,Q,17,17,540.0,H12,H,830.0,QQ,S,625.0,H12,H,550.0,H19,S,10.0,W,10.0,W,-10.0,L,10.0,W
748,2,6,23,550.0,H20,S,840.0,H20,S,635.0,H12,H,570.0,H10,D,10.0,W,10.0,W,10.0,W,20.0,W
749,4,14,20,540.0,H16,S,830.0,H16,S,625.0,44,H,560.0,H16,S,-10.0,L,-10.0,L,-10.0,L,-10.0,L
750,A,14,21,530.0,H20,S,820.0,H16,H,615.0,H13,H,550.0,H14,H,-10.0,L,-10.0,L,-10.0,L,-10.0,L
751,A,20,20,530.0,H20,S,810.0,H15,H,615.0,H15,H,550.0,H10,H,0.0,P,-10.0,L,0.0,P,0.0,P
752,3,9,21,520.0,H12,H,800.0,H20,S,605.0,H20,S,540.0,H16,S,-10.0,L,-10.0,L,-10.0,L,-10.0,L
753,3,13,20,520.0,H20,S,790.0,H16,S,605.0,H20,S,530.0,H8,H,0.0,P,-10.0,L,0.0,P,-10.0,L
754,K,20,20,510.0,H18,S,780.0,H17,S,605.0,H12,H,530.0,H14,H,-10.0,L,-10.0,L,0.0,P,0.0,P
755,9,16,24,500.0,H15,H,770.0,H14,H,615.0,H17,S,540.0,H12,H,-10.0,L,-10.0,L,10.0,W,10.0,W
756,Q,20,20,490.0,H9,H,760.0,H17,S,615.0,H20,S,530.0,H15,H,-10.0,L,-10.0,L,0.0,P,-10.0,L
757,6,16,23,500.0,H5,H,770.0,H15,S,625.0,22,P,540.0,H18,S,10.0,W,10.0,W,10.0,W,10.0,W
758,K,20,20,490.0,H12,H,760.0,H14,H,615.0,H17,S,530.0,H15,H,-10.0,L,-10.0,L,-10.0,L,-10.0,L
759,A,15,24,500.0,H19,S,770.0,66,S,625.0,H19,S,540.0,H11,H,10.0,W,10.0,W,10.0,W,10.0,W
760,K,19,19,500.0,H19,S,770.0,H6,H,635.0,H13,H,540.0,H8,H,0.0,P,0.0,P,10.0,W,0.0,P
761,4,14,19,490.0,H14,S,760.0,H17,S,655.0,H11,D,530.0,H16,S,-10.0,L,-10.0,L,20.0,W,-10.0,L
762,3,6,21,470.0,H9,D,750.0,88,P,645.0,H14,S,520.0,H14,S,-20.0,L,-10.0,L,-10.0,L,-10.0,L
763,6,11,25,480.0,H15,S,760.0,H12,S,655.0,H16,S,530.0,H15,S,10.0,W,10.0,W,10.0,W,10.0,W
764,3,14,22,500.0,H9,D,770.0,H17,S,665.0,H18,S,540.0,H19,S,20.0,W,10.0,W,10.0,W,10.0,W
765,K,20,20,500.0,H20,S,770.0,H20,S,655.0,H18,S,530.0,H17,S,0.0,P,0.0,P,-10.0,L,-10.0,L
766,2,4,19,490.0,H14,S,760.0,H14,S,665.0,H20,S,520.0,H13,S,-10.0,L,-10.0,L,10.0,W,-10.0,L
767,2,4,19,500.0,H20,S,775.0,H21,BLACKJACK,685.0,H11,D,530.0,H20,S,10.0,W,15.0,W,20.0,W,10.0,W
768,8,19,19,510.0,H20,S,765.0,H16,H,675.0,H13,H,520.0,H15,H,10.0,W,-10.0,L,-10.0,L,-10.0,L
769,7,9,20,500.0,H19,S,765.0,H20,S,665.0,H17,S,510.0,99,S,-10.0,L,0.0,P,-10.0,L,-10.0,L
770,5,15,25,510.0,H15,S,785.0,H11,D,675.0,H12,S,520.0,H15,S,10.0,W,20.0,W,10.0,W,10.0,W
771,K,21,,500.0,H14,,775.0,H14,,665.0,H10,,510.0,H10,,-10.0,L,-10.0,L,-10.0,L,-10.0,L
772,A,15,18,510.0,H20,S,785.0,H20,S,655.0,H15,H,500.0,H13,H,10.0,W,10.0,W,-10.0,L,-10.0,L
773,K,20,20,500.0,H17,S,775.0,H6,H,645.0,H17,S,490.0,H19,S,-10.0,L,-10.0,L,-10.0,L,-10.0,L
774,7,17,17,490.0,H15,H,795.0,H11,D,635.0,H16,H,500.0,H16,H,-10.0,L,20.0,W,-10.0,L,10.0,W
775,6,16,22,500.0,H13,S,815.0,H11,D,645.0,H18,S,510.0,H5,H,10.0,W,20.0,W,10.0,W,10.0,W
776,2,6,17,510.0,H18,S,805.0,H15,S,665.0,H11,D,500.0,H13,S,10.0,W,-10.0,L,20.0,W,-10.0,L
777,Q,15,25,520.0,H16,H,815.0,H20,S,685.0,H11,D,510.0,H8,H,10.0,W,10.0,W,20.0,W,10.0,W
778,4,10,18,510.0,H13,S,805.0,H12,S,675.0,H16,S,490.0,H10,D,-10.0,L,-10.0,L,-10.0,L,-20.0,L
779,7,14,19,500.0,H5,H,815.0,H14,H,665.0,H18,S,505.0,H21,BLACKJACK,-10.0,L,10.0,W,-10.0,L,15.0,W
780,9,17,17,500.0,H17,S,805.0,H12,H,675.0,H20,S,525.0,H10,D,0.0,P,-10.0,L,10.0,W,20.0,W
781,A,13,21,490.0,H9,H,795.0,H13,H,665.0,H13,H,515.0,H15,H,-10.0,L,-10.0,L,-10.0,L,-10.0,L
782,9,15,18,490.0,99,P,805.0,H20,S,685.0,H10,D,535.0,H11,D,0.0,P,10.0,W,20.0,W,20.0,W
783,7,10,20,505.0,H21,BLACKJACK,805.0,H20,S,675.0,H14,H,525.0,H18,S,15.0,W,0.0,P,-10.0,L,-10.0,L
784,9,15,21,495.0,H17,S,795.0,H6,H,665.0,99,P,505.0,55,D,-10.0,L,-10.0,L,-10.0,L,-20.0,L
785,A,21,,485.0,H5,,785.0,H10,,655.0,H10,,495.0,H20,,-10.0,L,-10.0,L,-10.0,L,-10.0,L
786,5,15,25,495.0,H16,S,795.0,H14,S,670.0,H21,BLACKJACK,505.0,H18,S,10.0,W,10.0,W,15.0,W,10.0,W
787,5,12,23,505.0,H13,S,805.0,H20,S,680.0,H15,S,515.0,H15,S,10.0,W,10.0,W,10.0,W,10.0,W
788,2,12,22,515.0,H16,S,815.0,H14,S,690.0,H18,S,525.0,H16,S,10.0,W,10.0,W,10.0,W,10.0,W
789,A,20,20,505.0,H19,S,805.0,H14,H,690.0,H12,H,540.0,H21,BLACKJACK,-10.0,L,-10.0,L,0.0,P,15.0,W
790,4,12,22,520.0,H21,BLACKJACK,815.0,H17,S,700.0,H20,S,550.0,H17,S,15.0,W,10.0,W,10.0,W,10.0,W
791,3,8,18,510.0,H17,S,825.0,H12,H,710.0,H20,S,540.0,H17,S,-10.0,L,10.0,W,10.0,W,-10.0,L
792,5,10,20,500.0,H16,S,805.0,H10,D,700.0,H19,S,530.0,H14,S,-10.0,L,-20.0,L,-10.0,L,-10.0,L
793,8,12,24,510.0,H17,S,815.0,H9,H,690.0,H16,H,520.0,33,H,10.0,W,10.0,W,-10.0,L,-10.0,L
794,A,20,20,520.0,H11,H,815.0,H20,S,680.0,H12,H,520.0,H20,S,10.0,W,0.0,P,-10.0,L,0.0,P
795,Q,15,17,520.0,77,H,815.0,H15,H,670.0,H15,H,530.0,H19,S,0.0,P,0.0,P,-10.0,L,10.0,W
796,T,17,17,520.0,H17,S,825.0,H13,H,680.0,H20,S,545.0,H21,BLACKJACK,0.0,P,10.0,W,10.0,W,15.0,W
797,T,14,17,500.0,H11,D,815.0,H16,H,690.0,H9,H,535.0,H12,H,-20.0,L,-10.0,L,10.0,W,-10.0,L
798,8,18,18,510.0,QQ,S,825.0,H8,H,700.0,H14,H,525.0,H16,H,10.0,W,10.0,W,10.0,W,-10.0,L
799,K,20,20,510.0,H20,S,815.0,H16,H,700.0,H20,S,515.0,H17,S,0.0,P,-10.0,L,0.0,P,-10.0,L
800,Q,13,19,500.0,H7,H,825.0,H20,S,690.0,H17,S,505.0,H15,H,-10.0,L,10.0,W,-10.0,L,-10.0,L
801,J,20,20,490.0,H12,H,815.0,H9,H,705.0,H21,BLACKJACK,505.0,H14,H,-10.0,L,-10.0,L,15.0,W,0.0,P
802,A,13,21,480.0,H12,H,805.0,H18,S,695.0,H16,H,495.0,H14,H,-10.0,L,-10.0,L,-10.0,L,-10.0,L
803,T,14,18,490.0,TT,S,795.0,H12,H,715.0,H11,D,505.0,H20,S,10.0,W,-10.0,L,20.0,W,10.0,W
804,Q,16,26,510.0,H11,D,785.0,H5,H,725.0,H18,S,515.0,H17,S,20.0,W,-10.0,L,10.0,W,10.0,W
805,2,9,21,500.0,H14,S,775.0,H20,S,715.0,H19,S,505.0,H14,S,-10.0,L,-10.0,L,-10.0,L,-10.0,L
806,K,12,18,490.0,H14,H,785.0,H9,H,725.0,H20,S,495.0,H10,H,-10.0,L,10.0,W,10.0,W,-10.0,L
807,5,8,20,505.0,H21,BLACKJACK,775.0,H17,S,715.0,H15,S,485.0,H13,S,15.0,W,-10.0,L,-10.0,L,-10.0,L
808,7,17,17,515.0,H13,H,785.0,H12,H,735.0,H9,H,475.0,H16,H,10.0,W,10.0,W,20.0,W,-10.0,L
809,A,15,17,525.0,H11,H,795.0,33,H,750.0,H21,BLACKJACK,485.0,H16,H,10.0,W,10.0,W,15.0,W,10.0,W
810,K,14,18,535.0,H12,H,805.0,H9,H,750.0,H14,H,495.0,H9,H,10.0,W,10.0,W,0.0,P,10.0,W
811,T,17,17,545.0,H10,H,815.0,H10,H,740.0,H15,H,505.0,H7,H,10.0,W,10.0,W,-10.0,L,10.0,W
812,6,17,17,565.0,H11,D,825.0,H19,S,730.0,H14,S,515.0,H18,S,20.0,W,10.0,W,-10.0,L,10.0,W
813,J,15,18,580.0,H21,BLACKJACK,825.0,H13,H,720.0,H16,H,525.0,H19,S,15.0,W,0.0,P,-10.0,L,10.0,W
814,J,20,20,580.0,H20,S,825.0,H20,S,720.0,H20,S,515.0,77,H,0.0,P,0.0,P,0.0,P,-10.0,L
815,3,12,20,570.0,H16,S,825.0,H20,S,710.0,H13,S,505.0,H19,S,-10.0,L,0.0,P,-10.0,L,-10.0,L
816,A,21,,560.0,H13,,815.0,H17,,700.0,H10,,495.0,H8,,-10.0,L,-10.0,L,-10.0,L,-10.0,L
817,5,16,17,570.0,H20,S,805.0,H13,S,710.0,H18,S,515.0,H9,D,10.0,W,-10.0,L,10.0,W,20.0,W
818,7,15,19,580.0,H7,H,815.0,H20,S,700.0,H15,H,530.0,H21,BLACKJACK,10.0,W,10.0,W,-10.0,L,15.0,W
819,9,20,20,570.0,H13,H,815.0,H15,H,690.0,H13,H,520.0,H19,S,-10.0,L,0.0,P,-10.0,L,-10.0,L
820,7,9,18,560.0,H12,H,805.0,H13,H,690.0,H13,H,540.0,H11,D,-10.0,L,-10.0,L,0.0,P,20.0,W
821,8,16,25,580.0,55,D,815.0,H14,H,700.0,H14,H,550.0,H20,S,20.0,W,10.0,W,10.0,W,10.0,W
822,6,13,20,570.0,H16,S,805.0,H12,S,690.0,H13,S,540.0,H13,S,-10.0,L,-10.0,L,-10.0,L,-10.0,L
823,J,20,20,560.0,H14,H,795.0,H14,H,700.0,H12,H,530.0,33,H,-10.0,L,-10.0,L,10.0,W,-10.0,L
824,T,19,19,550.0,H12,H,785.0,H16,H,690.0,H9,H,520.0,88,P,-10.0,L,-10.0,L,-10.0,L,-10.0,L
825,J,12,22,570.0,H11,D,805.0,H11,D,700.0,H13,H,530.0,H17,S,20.0,W,20.0,W,10.0,W,10.0,W
826,9,14,24,580.0,H14,H,815.0,TT,S,710.0,H18,S,520.0,H14,H,10.0,W,10.0,W,10.0,W,-10.0,L
827,J,15,26,570.0,H14,H,825.0,H13,H,730.0,H9,H,530.0,H18,S,-10.0,L,10.0,W,20.0,W,10.0,W
828,T,20,20,570.0,H13,H,825.0,QQ,S,750.0,H11,D,520.0,H15,H,0.0,P,0.0,P,20.0,W,-10.0,L
829,4,14,19,560.0,H12,S,815.0,H13,S,760.0,H20,S,530.0,H20,S,-10.0,L,-10.0,L,10.0,W,10.0,W
830,6,10,24,575.0,H21,BLACKJACK,835.0,H11,D,770.0,H14,S,540.0,H17,S,15.0,W,20.0,W,10.0,W,10.0,W
831,8,18,18,565.0,H17,S,825.0,H13,H,760.0,H16,H,530.0,H16,H,-10.0,L,-10.0,L,-10.0,L,-10.0,L
832,9,19,19,575.0,H8,H,815.0,H13,H,750.0,H14,H,510.0,H10,D,10.0,W,-10.0,L,-10.0,L,-20.0,L
833,8,10,23,585.0,H18,S,835.0,H10,D,770.0,H10,D,530.0,H10,D,10.0,W,20.0,W,20.0,W,20.0,W
834,A,20,20,575.0,H19,S,825.0,H8,H,760.0,99,S,520.0,H15,H,-10.0,L,-10.0,L,-10.0,L,-10.0,L
835,Q,20,20,565.0,H13,H,825.0,H20,S,750.0,H15,H,510.0,99,S,-10.0,L,0.0,P,-10.0,L,-10.0,L
836,3,13,23,575.0,H18,S,845.0,H9,D,760.0,H13,S,520.0,H16,S,10.0,W,20.0,W,10.0,W,10.0,W
837,5,15,23,585.0,H17,S,855.0,H20,S,770.0,H12,S,530.0,H16,S,10.0,W,10.0,W,10.0,W,10.0,W
838,8,15,17,595.0,TT,S,870.0,H21,BLACKJACK,770.0,H9,H,510.0,H11,D,10.0,W,15.0,W,0.0,P,-20.0,L
839,K,19,19,610.0,H21,BLACKJACK,860.0,H8,H,760.0,H10,H,510.0,H9,H,15.0,W,-10.0,L,-10.0,L,0.0,P
840,7,17,17,600.0,H14,H,870.0,H16,H,775.0,H21,BLACKJACK,520.0,H18,S,-10.0,L,10.0,W,15.0,W,10.0,W
841,J,12,22,610.0,H20,S,880.0,H10,H,795.0,H8,H,530.0,H16,H,10.0,W,10.0,W,20.0,W,10.0,W
842,6,11,21,600.0,H18,S,870.0,H19,S,785.0,H15,S,520.0,H12,S,-10.0,L,-10.0,L,-10.0,L,-10.0,L
843,6,11,20,590.0,H13,S,860.0,H19,S,775.0,77,P,500.0,H11,D,-10.0,L,-10.0,L,-10.0,L,-20.0,L
844,6,12,21,580.0,H16,S,840.0,H9,D,765.0,H20,S,490.0,H18,S,-10.0,L,-20.0,L,-10.0,L,-10.0,L
845,A,21,,570.0,H9,,830.0,H17,,755.0,H11,,480.0,H13,,-10.0,L,-10.0,L,-10.0,L,-10.0,L
846,3,6,17,580.0,H19,S,830.0,H17,S,765.0,H19,S,495.0,H21,BLACKJACK,10.0,W,0.0,P,10.0,W,15.0,W
847,J,15,25,595.0,H21,BLACKJACK,840.0,88,P,785.0,H11,D,505.0,H13,H,15.0,W,10.0,W,20.0,W,10.0,W
848,8,12,21,585.0,H19,S,830.0,H17,S,775.0,H18,S,505.0,H12,H,-10.0,L,-10.0,L,-10.0,L,0.0,P
849,T,20,20,575.0,H18,S,820.0,H13,H,765.0,H12,H,505.0,H10,H,-10.0,L,-10.0,L,-10.0,L,0.0,P
850,2,13,18,590.0,H21,BLACKJACK,810.0,H8,H,755.0,H6,H,525.0,H11,D,15.0,W,-10.0,L,-10.0,L,20.0,W
851,7,15,25,580.0,H13,H,830.0,H10,D,765.0,H19,S,535.0,H13,H,-10.0,L,20.0,W,10.0,W,10.0,W
852,2,6,17,570.0,H14,S,820.0,H16,S,775.0,H20,S,525.0,H16,S,-10.0,L,-10.0,L,10.0,W,-10.0,L
853,9,19,19,560.0,H16,H,820.0,H19,S,775.0,H13,H,525.0,H19,S,-10.0,L,0.0,P,0.0,P,0.0,P
854,A,17,17,570.0,H18,S,830.0,H9,H,785.0,H11,H,540.0,H21,BLACKJACK,10.0,W,10.0,W,10.0,W,15.0,W
855,7,17,17,580.0,H13,H,830.0,H17,S,795.0,H20,S,530.0,H15,H,10.0,W,0.0,P,10.0,W,-10.0,L
856,4,14,19,570.0,H7,H,820.0,H16,S,785.0,H18,S,545.0,H21,BLACKJACK,-10.0,L,-10.0,L,-10.0,L,15.0,W
857,K,15,21,560.0,KK,S,810.0,H13,H,775.0,H20,S,535.0,H12,H,-10.0,L,-10.0,L,-10.0,L,-10.0,L
858,5,8,18,575.0,H21,BLACKJACK,830.0,H11,D,765.0,H17,S,555.0,H10,D,15.0,W,20.0,W,-10.0,L,20.0,W
859,9,16,17,585.0,H14,H,850.0,H6,H,780.0,H21,BLACKJACK,565.0,H14,H,10.0,W,20.0,W,15.0,W,10.0,W
860,4,6,19,565.0,H11,D,840.0,H5,H,770.0,H14,S,580.0,H21,BLACKJACK,-20.0,L,-10.0,L,-10.0,L,15.0,W
861,6,10,21,545.0,H9,D,830.0,H19,S,760.0,H13,S,570.0,H12,S,-20.0,L,-10.0,L,-10.0,L,-10.0,L
862,A,13,25,555.0,H17,S,840.0,H13,H,770.0,H14,H,580.0,H18,S,10.0,W,10.0,W,10.0,W,10.0,W
863,J,20,20,555.0,H20,S,830.0,H18,S,760.0,H14,H,570.0,H8,H,0.0,P,-10.0,L,-10.0,L,-10.0,L
864,3,9,20,545.0,H13,S,820.0,H17,S,750.0,H13,S,585.0,H21,BLACKJACK,-10.0,L,-10.0,L,-10.0,L,15.0,W
865,J,17,17,535.0,H14,H,830.0,H18,S,740.0,H13,H,595.0,H10,H,-10.0,L,10.0,W,-10.0,L,10.0,W
866,T,21,,525.0,H13,,820.0,H17,,730.0,H17,,585.0,H9,,-10.0,L,-10.0,L,-10.0,L,-10.0,L
867,5,14,20,515.0,H13,S,810.0,H12,S,720.0,H14,S,565.0,55,D,-10.0,L,-10.0,L,-10.0,L,-20.0,L
868,8,13,20,505.0,H15,H,820.0,H13,H,700.0,H11,D,565.0,KK,S,-10.0,L,10.0,W,-20.0,L,0.0,P
869,7,15,25,515.0,H15,H,810.0,H12,H,710.0,H19,S,575.0,H15,H,10.0,W,-10.0,L,10.0,W,10.0,W
870,7,17,17,515.0,H16,H,820.0,H20,S,700.0,H14,H,565.0,H14,H,0.0,P,10.0,W,-10.0,L,-10.0,L
871,7,13,23,525.0,H15,H,830.0,H7,H,710.0,H19,S,555.0,H16,H,10.0,W,10.0,W,10.0,W,-10.0,L
872,9,18,18,515.0,H14,H,820.0,H9,H,730.0,H11,D,570.0,H21,BLACKJACK,-10.0,L,-10.0,L,20.0,W,15.0,W
873,J,20,20,495.0,H11,D,800.0,H8,H,720.0,H12,H,560.0,88,P,-20.0,L,-20.0,L,-10.0,L,-10.0,L
874,K,20,20,510.0,H21,BLACKJACK,800.0,H20,S,720.0,H20,S,560.0,JJ,S,15.0,W,0.0,P,0.0,P,0.0,P
875,4,14,17,500.0,H16,S,810.0,H19,S,730.0,H18,S,570.0,H20,S,-10.0,L,10.0,W,10.0,W,10.0,W
876,6,10,20,490.0,66,P,800.0,H13,S,720.0,H17,S,560.0,H19,S,-10.0,L,-10.0,L,-10.0,L,-10.0,L
877,5,7,19,470.0,H8,H,790.0,H16,S,710.0,H13,S,580.0,H11,D,-20.0,L,-10.0,L,-10.0,L,20.0,W
878,A,13,17,480.0,H20,S,800.0,H12,H,700.0,H13,H,590.0,H15,H,10.0,W,10.0,W,-10.0,L,10.0,W
879,A,21,,470.0,H13,,790.0,H17,,690.0,H12,,580.0,H16,,-10.0,L,-10.0,L,-10.0,L,-10.0,L
880,J,18,18,460.0,H13,H,780.0,H7,H,690.0,H13,H,570.0,H15,H,-10.0,L,-10.0,L,0.0,P,-10.0,L
881,J,13,19,470.0,H20,S,770.0,H17,S,700.0,H10,H,585.0,H21,BLACKJACK,10.0,W,-10.0,L,10.0,W,15.0,W
882,4,11,19,470.0,H9,D,760.0,H12,S,690.0,H14,S,585.0,H19,S,0.0,P,-10.0,L,-10.0,L,0.0,P
883,6,16,22,480.0,H18,S,770.0,H19,S,700.0,H13,S,595.0,H14,S,10.0,W,10.0,W,10.0,W,10.0,W
884,K,13,23,490.0,H19,S,780.0,H19,S,690.0,H16,H,605.0,H17,S,10.0,W,10.0,W,-10.0,L,10.0,W
885,4,6,22,500.0,H5,H,790.0,H8,H,700.0,66,P,615.0,H17,S,10.0,W,10.0,W,10.0,W,10.0,W
886,7,18,18,480.0,H10,D,780.0,H16,H,710.0,H20,S,605.0,H16,H,-20.0,L,-10.0,L,10.0,W,-10.0,L
887,Q,15,22,500.0,H11,D,790.0,TT,S,700.0,H14,H,595.0,H13,H,20.0,W,10.0,W,-10.0,L,-10.0,L
888,Q,14,24,520.0,H11,D,780.0,H15,H,690.0,H12,H,585.0,H15,H,20.0,W,-10.0,L,-10.0,L,-10.0,L
889,5,9,19,510.0,H6,H,780.0,H19,S,700.0,H20,S,585.0,H19,S,-10.0,L,0.0,P,10.0,W,0.0,P
890,7,9,19,490.0,H11,D,780.0,H19,S,690.0,H12,H,575.0,H18,S,-20.0,L,0.0,P,-10.0,L,-10.0,L
891,2,13,21,480.0,H14,S,770.0,H8,H,680.0,H9,H,565.0,H19,S,-10.0,L,-10.0,L,-10.0,L,-10.0,L
892,4,10,17,470.0,H5,H,780.0,H19,S,680.0,H17,S,580.0,H21,BLACKJACK,-10.0,L,10.0,W,0.0,P,15.0,W
893,J,20,20,460.0,H17,S,780.0,H13,H,695.0,H21,BLACKJACK,570.0,33,H,-10.0,L,0.0,P,15.0,W,-10.0,L
894,K,20,20,450.0,H9,H,770.0,H16,H,685.0,H15,H,585.0,H21,BLACKJACK,-10.0,L,-10.0,L,-10.0,L,15.0,W
895,2,5,20,450.0,H20,S,760.0,H19,S,700.0,H21,BLACKJACK,575.0,H18,S,0.0,P,-10.0,L,15.0,W,-10.0,L
896,6,8,18,465.0,H21,BLACKJACK,750.0,H8,H,700.0,H18,S,555.0,H11,D,15.0,W,-10.0,L,0.0,P,-20.0,L
897,Q,18,18,475.0,H20,S,760.0,H20,S,710.0,H20,S,555.0,H16,H,10.0,W,10.0,W,10.0,W,0.0,P
898,Q,20,20,465.0,H16,H,740.0,H11,D,720.0,H16,H,555.0,H13,H,-10.0,L,-20.0,L,10.0,W,0.0,P
899,4,7,17,445.0,H9,D,730.0,88,P,710.0,H16,S,545.0,H14,S,-20.0,L,-10.0,L,-10.0,L,-10.0,L
900,5,15,22,455.0,QQ,S,740.0,H12,S,730.0,H11,D,555.0,H18,S,10.0,W,10.0,W,20.0,W,10.0,W
901,7,17,17,465.0,H18,S,750.0,H20,S,740.0,H5,H,555.0,H17,S,10.0,W,10.0,W,10.0,W,0.0,P
902,8,18,18,455.0,H14,H,770.0,H6,H,750.0,H13,H,545.0,H13,H,-10.0,L,20.0,W,10.0,W,-10.0,L
903,3,12,24,465.0,H14,S,780.0,TT,S,760.0,H14,S,555.0,H15,S,10.0,W,10.0,W,10.0,W,10.0,W
904,Q,20,20,455.0,H9,H,770.0,H15,H,750.0,H18,S,545.0,H17,S,-10.0,L,-10.0,L,-10.0,L,-10.0,L
905,J,13,18,445.0,H16,H,760.0,H9,H,740.0,H17,S,555.0,H16,H,-10.0,L,-10.0,L,-10.0,L,10.0,W
906,2,12,22,455.0,H20,S,775.0,H21,BLACKJACK,750.0,88,P,565.0,H20,S,10.0,W,15.0,W,10.0,W,10.0,W
907,3,14,18,445.0,H13,S,755.0,H5,H,740.0,H16,S,575.0,H12,H,-10.0,L,-20.0,L,-10.0,L,10.0,W
908,Q,13,24,455.0,H20,S,775.0,H11,D,750.0,H10,H,595.0,H11,D,10.0,W,20.0,W,10.0,W,20.0,W
909,8,18,18,455.0,H15,H,765.0,H9,H,770.0,H11,D,615.0,H11,D,0.0,P,-10.0,L,20.0,W,20.0,W
910,5,8,18,445.0,H17,S,755.0,H13,S,760.0,H14,S,625.0,H20,S,-10.0,L,-10.0,L,-10.0,L,10.0,W
911,5,15,17,455.0,H19,S,735.0,H11,D,780.0,H10,D,635.0,KK,S,10.0,W,-20.0,L,20.0,W,10.0,W
912,8,12,21,455.0,H10,D,715.0,H10,D,770.0,H13,H,625.0,H12,H,0.0,P,-20.0,L,-10.0,L,-10.0,L
913,6,16,23,465.0,H18,S,725.0,H20,S,780.0,H12,S,635.0,H17,S,10.0,W,10.0,W,10.0,W,10.0,W
914,J,20,20,480.0,H21,BLACKJACK,715.0,H17,S,780.0,H20,S,625.0,H7,H,15.0,W,-10.0,L,0.0,P,-10.0,L
915,T,20,20,490.0,H15,H,705.0,H13,H,795.0,H21,BLACKJACK,635.0,H15,H,10.0,W,-10.0,L,15.0,W,10.0,W
916,J,14,20,510.0,H6,H,695.0,77,H,785.0,H15,H,635.0,KK,S,20.0,W,-10.0,L,-10.0,L,0.0,P
917,Q,17,17,500.0,H15,H,710.0,H21,BLACKJACK,775.0,H15,H,635.0,H11,D,-10.0,L,15.0,W,-10.0,L,0.0,P
918,9,19,19,490.0,H13,H,720.0,JJ,S,790.0,H21,BLACKJACK,635.0,H12,H,-10.0,L,10.0,W,15.0,W,0.0,P
919,2,10,21,470.0,H10,D,710.0,H7,H,780.0,H13,S,625.0,H19,S,-20.0,L,-10.0,L,-10.0,L,-10.0,L
920,2,10,17,480.0,QQ,S,700.0,H16,S,790.0,H20,S,615.0,H15,S,10.0,W,-10.0,L,10.0,W,-10.0,L
921,3,12,24,490.0,H19,S,710.0,H14,S,800.0,H17,S,635.0,H11,D,10.0,W,10.0,W,10.0,W,20.0,W
922,7,16,19,480.0,H12,H,700.0,H13,H,800.0,H19,S,625.0,H16,H,-10.0,L,-10.0,L,0.0,P,-10.0,L
923,5,13,18,470.0,H14,S,690.0,AA,P,790.0,H16,S,615.0,H15,S,-10.0,L,-10.0,L,-10.0,L,-10.0,L
924,5,15,17,480.0,H19,S,680.0,H15,S,780.0,H14,S,605.0,H16,S,10.0,W,-10.0,L,-10.0,L,-10.0,L
925,3,13,23,500.0,H11,D,690.0,H15,S,790.0,H16,S,615.0,H16,S,20.0,W,10.0,W,10.0,W,10.0,W
926,8,17,17,500.0,H17,S,700.0,H20,S,805.0,H21,BLACKJACK,625.0,H13,H,0.0,P,10.0,W,15.0,W,10.0,W
927,7,10,20,490.0,H19,S,690.0,H12,H,795.0,H18,S,625.0,H8,H,-10.0,L,-10.0,L,-10.0,L,0.0,P
928,T,21,,480.0,H20,,680.0,H20,,785.0,55,,615.0,H11,,-10.0,L,-10.0,L,-10.0,L,-10.0,L
929,6,13,21,470.0,H17,S,670.0,TT,S,775.0,H15,S,595.0,H6,H,-10.0,L,-10.0,L,-10.0,L,-20.0,L
930,8,18,18,480.0,JJ,S,680.0,H9,H,785.0,H20,S,605.0,H12,H,10.0,W,10.0,W,10.0,W,10.0,W
931,2,9,23,490.0,H14,S,690.0,H12,H,795.0,H17,S,615.0,H16,S,10.0,W,10.0,W,10.0,W,10.0,W
932,9,12,20,480.0,H14,H,705.0,H21,BLACKJACK,785.0,H9,H,605.0,H5,H,-10.0,L,15.0,W,-10.0,L,-10.0,L
933,8,10,22,500.0,H10,D,715.0,H8,H,795.0,H15,H,615.0,H16,H,20.0,W,10.0,W,10.0,W,10.0,W
934,J,20,20,515.0,H21,BLACKJACK,735.0,H11,D,785.0,H17,S,630.0,H21,BLACKJACK,15.0,W,20.0,W,-10.0,L,15.0,W
935,5,14,24,525.0,H20,S,755.0,H7,H,795.0,H12,S,640.0,H16,S,10.0,W,20.0,W,10.0,W,10.0,W
936,7,17,17,535.0,44,H,745.0,H15,H,805.0,KK,S,650.0,H18,S,10.0,W,-10.0,L,10.0,W,10.0,W
937,Q,12,18,525.0,44,H,755.0,H20,S,805.0,H15,H,660.0,H12,H,-10.0,L,10.0,W,0.0,P,10.0,W
938,K,20,20,545.0,H11,D,765.0,H10,H,795.0,H16,H,650.0,H16,H,20.0,W,10.0,W,-10.0,L,-10.0,L
939,5,10,18,545.0,H5,H,780.0,H21,BLACKJACK,805.0,H20,S,670.0,H11,D,0.0,P,15.0,W,10.0,W,20.0,W
940,9,18,18,565.0,H11,D,760.0,H11,D,795.0,88,P,670.0,H18,S,20.0,W,-20.0,L,-10.0,L,0.0,P
941,Q,14,22,575.0,H17,S,750.0,H13,H,805.0,H17,S,685.0,H21,BLACKJACK,10.0,W,-10.0,L,10.0,W,15.0,W
942,A,16,25,585.0,H12,H,740.0,H16,H,795.0,H13,H,695.0,H19,S,10.0,W,-10.0,L,-10.0,L,10.0,W
943,6,16,21,575.0,H15,S,730.0,H17,S,785.0,H13,S,685.0,H17,S,-10.0,L,-10.0,L,-10.0,L,-10.0,L
944,8,18,18,565.0,H17,S,720.0,H17,S,775.0,H13,H,675.0,H12,H,-10.0,L,-10.0,L,-10.0,L,-10.0,L
945,2,5,21,545.0,H10,D,710.0,H17,S,765.0,H14,S,665.0,H15,S,-20.0,L,-10.0,L,-10.0,L,-10.0,L
946,2,7,23,555.0,H13,S,720.0,H14,S,775.0,H13,S,675.0,H13,S,10.0,W,10.0,W,10.0,W,10.0,W
947,K,20,20,545.0,H14,H,710.0,H16,H,775.0,QQ,S,665.0,H13,H,-10.0,L,-10.0,L,0.0,P,-10.0,L
948,A,12,22,555.0,H13,H,700.0,H11,H,785.0,H14,H,675.0,H16,H,10.0,W,-10.0,L,10.0,W,10.0,W
949,A,21,,545.0,H15,,690.0,H16,,775.0,H12,,665.0,H18,,-10.0,L,-10.0,L,-10.0,L,-10.0,L
950,3,5,23,555.0,77,P,700.0,H19,S,785.0,H14,S,675.0,H15,S,10.0,W,10.0,W,10.0,W,10.0,W
951,4,11,25,565.0,H17,S,710.0,H14,S,795.0,H20,S,685.0,H20,S,10.0,W,10.0,W,10.0,W,10.0,W
952,K,20,20,555.0,H14,H,700.0,66,S,810.0,H21,BLACKJACK,675.0,H10,H,-10.0,L,-10.0,L,15.0,W,-10.0,L
953,K,17,17,545.0,H9,H,690.0,H15,H,820.0,H20,S,665.0,H7,H,-10.0,L,-10.0,L,10.0,W,-10.0,L
954,7,17,17,535.0,H14,H,700.0,H20,S,830.0,H9,H,675.0,H20,S,-10.0,L,10.0,W,10.0,W,10.0,W
955,3,10,20,525.0,H14,S,690.0,H7,H,810.0,H9,D,665.0,H13,S,-10.0,L,-10.0,L,-20.0,L,-10.0,L
956,4,14,18,525.0,H18,S,680.0,H12,S,800.0,H13,S,655.0,H17,S,0.0,P,-10.0,L,-10.0,L,-10.0,L
957,Q,16,22,535.0,H17,S,690.0,H20,S,815.0,H21,BLACKJACK,665.0,H18,S,10.0,W,10.0,W,15.0,W,10.0,W
958,K,18,18,535.0,H18,S,690.0,H18,S,815.0,H12,H,675.0,H14,H,0.0,P,0.0,P,0.0,P,10.0,W
959,3,13,18,515.0,H7,H,680.0,H14,S,825.0,H20,S,665.0,H13,S,-20.0,L,-10.0,L,10.0,W,-10.0,L
960,2,6,18,505.0,H13,S,670.0,H14,S,840.0,H21,BLACKJACK,665.0,H8,H,-10.0,L,-10.0,L,15.0,W,0.0,P
961,J,17,17,515.0,H20,S,660.0,H13,H,850.0,H13,H,680.0,H21,BLACKJACK,10.0,W,-10.0,L,10.0,W,15.0,W
962,8,13,21,505.0,H17,S,650.0,H12,H,850.0,H12,H,670.0,H17,S,-10.0,L,-10.0,L,0.0,P,-10.0,L
963,9,13,20,505.0,H20,S,640.0,H19,S,850.0,H13,H,660.0,H15,H,0.0,P,-10.0,L,0.0,P,-10.0,L
964,Q,14,17,505.0,H11,D,650.0,H19,S,865.0,H21,BLACKJACK,650.0,H9,H,0.0,P,10.0,W,15.0,W,-10.0,L
965,2,13,19,495.0,H14,S,640.0,H16,S,865.0,H19,S,640.0,H14,S,-10.0,L,-10.0,L,0.0,P,-10.0,L
966,4,14,20,485.0,H5,H,630.0,H16,S,855.0,H13,S,640.0,H10,D,-10.0,L,-10.0,L,-10.0,L,0.0,P
967,2,7,26,500.0,H21,BLACKJACK,640.0,H19,S,865.0,H16,S,650.0,H13,S,15.0,W,10.0,W,10.0,W,10.0,W
968,K,18,18,500.0,H13,H,630.0,H6,H,875.0,H14,H,660.0,H20,S,0.0,P,-10.0,L,10.0,W,10.0,W
969,J,16,26,515.0,H21,BLACKJACK,640.0,H17,S,885.0,H20,S,650.0,H15,H,15.0,W,10.0,W,10.0,W,-10.0,L
970,6,16,22,525.0,H14,S,650.0,H17,S,895.0,H13,S,660.0,H15,S,10.0,W,10.0,W,10.0,W,10.0,W
971,2,12,22,535.0,H17,S,670.0,H9,H,905.0,H18,S,670.0,H13,S,10.0,W,20.0,W,10.0,W,10.0,W
972,4,9,21,525.0,H17,S,660.0,H18,S,895.0,H14,S,660.0,H15,S,-10.0,L,-10.0,L,-10.0,L,-10.0,L
973,J,16,26,515.0,H10,H,670.0,H19,S,885.0,H13,H,680.0,H9,H,-10.0,L,10.0,W,-10.0,L,20.0,W
974,2,10,20,505.0,88,P,670.0,H20,S,875.0,H9,H,670.0,H17,S,-10.0,L,0.0,P,-10.0,L,-10.0,L
975,7,14,19,505.0,H19,S,685.0,H21,BLACKJACK,875.0,H9,H,660.0,H15,H,0.0,P,15.0,W,0.0,P,-10.0,L
976,8,18,18,515.0,H13,H,675.0,H17,S,865.0,H17,S,660.0,H12,H,10.0,W,-10.0,L,-10.0,L,0.0,P
977,9,17,17,505.0,H14,H,685.0,H13,H,865.0,H9,H,680.0,H11,D,-10.0,L,10.0,W,0.0,P,20.0,W
978,Q,20,20,495.0,H13,H,675.0,H19,S,865.0,H10,H,670.0,H13,H,-10.0,L,-10.0,L,0.0,P,-10.0,L
979,3,8,22,505.0,H20,S,695.0,H9,D,875.0,H13,S,680.0,H17,S,10.0,W,20.0,W,10.0,W,10.0,W
980,5,10,22,515.0,H20,S,715.0,H7,H,885.0,H18,S,690.0,H13,S,10.0,W,20.0,W,10.0,W,10.0,W
981,2,12,22,525.0,H14,S,725.0,H15,S,895.0,H19,S,700.0,H20,S,10.0,W,10.0,W,10.0,W,10.0,W
982,5,12,17,535.0,H18,S,715.0,H14,S,885.0,H13,S,720.0,H11,D,10.0,W,-10.0,L,-10.0,L,20.0,W
983,8,18,18,545.0,H20,S,725.0,H20,S,875.0,H16,H,710.0,H5,H,10.0,W,10.0,W,-10.0,L,-10.0,L
984,A,16,17,545.0,H7,H,735.0,H15,H,865.0,H12,H,710.0,H15,H,0.0,P,10.0,W,-10.0,L,0.0,P
985,2,11,21,535.0,H13,S,725.0,H8,H,880.0,H21,BLACKJACK,700.0,H19,S,-10.0,L,-10.0,L,15.0,W,-10.0,L
986,5,14,24,555.0,H9,D,735.0,H14,S,890.0,H20,S,710.0,H17,S,20.0,W,10.0,W,10.0,W,10.0,W
987,K,18,18,545.0,H12,H,750.0,H21,BLACKJACK,880.0,H14,H,720.0,TT,S,-10.0,L,15.0,W,-10.0,L,10.0,W
988,5,12,22,555.0,H15,S,760.0,H14,S,890.0,H12,S,730.0,H17,S,10.0,W,10.0,W,10.0,W,10.0,W
989,5,14,21,545.0,H17,S,740.0,H10,D,880.0,H20,S,720.0,H7,H,-10.0,L,-20.0,L,-10.0,L,-10.0,L
990,A,21,,535.0,H12,,730.0,H14,,870.0,H19,,710.0,H15,,-10.0,L,-10.0,L,-10.0,L,-10.0,L
991,5,11,20,525.0,H6,H,720.0,H18,S,860.0,H16,S,710.0,H20,S,-10.0,L,-10.0,L,-10.0,L,0.0,P
992,T,20,20,525.0,H9,H,710.0,H17,S,850.0,H19,S,700.0,H12,H,0.0,P,-10.0,L,-10.0,L,-10.0,L
993,Q,21,,515.0,H8,,700.0,H15,,840.0,H14,,690.0,44,,-10.0,L,-10.0,L,-10.0,L,-10.0,L
994,K,12,22,505.0,H8,H,710.0,H17,S,850.0,H13,H,680.0,33,H,-10.0,L,10.0,W,10.0,W,-10.0,L
995,A,19,19,515.0,H20,S,700.0,H17,S,860.0,H20,S,670.0,H15,H,10.0,W,-10.0,L,10.0,W,-10.0,L
996,3,13,19,535.0,H11,D,690.0,22,P,870.0,JJ,S,670.0,H9,D,20.0,W,-10.0,L,10.0,W,0.0,P
997,A,21,,525.0,H15,,680.0,H12,,860.0,H19,,660.0,H18,,-10.0,L,-10.0,L,-10.0,L,-10.0,L
998,Q,17,17,515.0,H12,H,690.0,H12,H,875.0,H21,BLACKJACK,670.0,KK,S,-10.0,L,10.0,W,15.0,W,10.0,W
999,6,16,26,535.0,H11,D,700.0,88,P,895.0,H11,D,680.0,H17,S,20.0,W,10.0,W,20.0,W,10.0,W
1000,5,12,25,545.0,H17,S,710.0,H17,S,905.0,H5,H,690.0,H17,S,10.0,W,10.0,W,10.0,W,10.0,W
